date,product_id,holiday_promotion,Units_Sold
2022-01-02,P0133,0,2562
2022-01-01,P0061,0,2176
2022-01-01,P0046,0,2020
2022-01-01,P0125,0,1998
2022-01-01,P0057,0,1946
2022-01-01,P0126,1,1932
2022-01-01,P0066,0,1928
2022-01-02,P0069,0,1840
2022-01-03,P0016,0,1830
2022-01-01,P0016,0,1826
2022-01-03,P0133,0,1684
2022-01-06,P0061,0,1628
2022-01-01,P0187,0,1588
2022-01-03,P0126,0,1588
2022-01-06,P0066,0,1573
2022-01-02,P0187,0,1540
2022-01-02,P0171,0,1518
2022-01-01,P0031,0,1506
2022-01-05,P0061,0,1496
2022-01-02,P0066,0,1478
2022-01-01,P0133,0,1458
2022-01-04,P0057,0,1450
2022-01-01,P0178,0,1448
2022-01-05,P0016,0,1424
2022-01-02,P0016,0,1412
2022-01-02,P0083,0,1400
2022-01-03,P0125,0,1400
2022-01-02,P0017,0,1396
2022-01-06,P0069,0,1387
2022-01-05,P0069,0,1366
2022-01-01,P0129,0,1364
2022-01-02,P0061,0,1356
2022-01-02,P0085,0,1348
2022-01-02,P0166,0,1332
2022-01-06,P0166,0,1324
2022-01-04,P0069,0,1298
2022-01-03,P0057,0,1292
2022-01-05,P0126,0,1292
2022-01-01,P0069,0,1290
2022-01-04,P0016,0,1286
2022-01-02,P0126,0,1260
2022-01-03,P0187,0,1260
2022-01-01,P0070,0,1246
2022-01-03,P0175,0,1232
2022-01-06,P0057,0,1230
2022-01-08,P0046,0,1209
2022-01-05,P0133,0,1206
2022-01-06,P0016,0,1202
2022-01-04,P0187,0,1198
2022-01-07,P0187,0,1186
2022-01-06,P0133,0,1185
2022-01-02,P0116,0,1160
2022-01-01,P0116,0,1148
2022-01-02,P0183,0,1140
2022-01-02,P0031,0,1130
2022-01-04,P0125,0,1126
2022-01-06,P0096,0,1124
2022-01-01,P0079,0,1120
2022-01-01,P0171,0,1118
2022-01-01,P0017,0,1112
2022-01-04,P0126,1,1104
2022-01-01,P0066,1,1098
2022-01-04,P0066,0,1098
2022-01-05,P0057,0,1096
2022-01-03,P0031,0,1094
2022-01-01,P0153,0,1076
2022-01-02,P0094,0,1064
2022-01-07,P0046,0,1061
2022-01-03,P0116,0,1050
2022-01-02,P0149,0,1048
2022-01-01,P0094,0,1040
2022-01-04,P0178,0,1038
2022-01-03,P0129,0,1030
2022-01-05,P0017,0,1030
2022-01-02,P0070,0,1028
2022-01-01,P0126,0,1016
2022-01-06,P0126,0,1015
2022-01-02,P0068,0,1014
2022-01-04,P0159,0,996
2022-01-17,P0069,0,985
2022-01-02,P0096,0,984
2022-01-05,P0187,0,982
2022-01-06,P0149,0,975
2022-01-06,P0068,0,975
2022-01-02,P0079,0,970
2022-01-04,P0017,0,958
2022-01-03,P0085,0,952
2022-01-06,P0070,0,952
2022-01-03,P0178,0,946
2022-01-01,P0183,0,944
2022-01-01,P0068,0,942
2022-01-02,P0067,0,942
2022-01-04,P0133,0,942
2022-01-05,P0070,0,942
2022-01-03,P0070,0,940
2022-01-05,P0046,0,934
2022-01-05,P0066,0,932
2022-01-02,P0153,0,930
2022-01-07,P0016,0,929
2022-01-08,P0133,0,928
2022-01-06,P0187,0,926
2022-01-06,P0129,0,912
2022-01-08,P0069,0,905
2022-01-05,P0178,0,900
2022-01-05,P0083,0,900
2022-01-01,P0149,0,892
2022-01-05,P0125,1,892
2022-01-01,P0067,0,888
2022-01-02,P0178,0,886
2022-01-06,P0079,0,880
2022-01-03,P0171,0,876
2022-01-06,P0046,0,874
2022-01-06,P0116,0,870
2022-01-01,P0083,0,870
2022-01-06,P0159,0,868
2022-01-03,P0066,0,866
2022-01-01,P0085,0,864
2022-01-05,P0149,0,858
2022-01-06,P0183,0,856
2022-02-01,P0016,0,852
2022-01-01,P0166,0,846
2022-02-06,P0066,0,840
2022-01-06,P0171,0,838
2022-01-05,P0079,0,836
2022-01-05,P0094,0,834
2022-02-21,P0046,0,832
2022-01-09,P0066,0,829
2022-02-11,P0061,0,827
2022-01-05,P0116,0,826
2022-01-08,P0126,0,824
2022-01-03,P0069,0,824
2022-01-04,P0153,0,824
2022-01-04,P0083,0,820
2022-01-05,P0153,1,818
2022-02-01,P0066,0,818
2022-01-02,P0159,0,814
2022-02-06,P0125,0,812
2022-01-01,P0096,0,810
2022-01-07,P0079,0,809
2022-01-06,P0031,0,808
2022-01-03,P0079,0,806
2022-01-03,P0068,0,802
2022-01-06,P0125,0,801
2022-02-18,P0016,0,789
2022-02-05,P0069,0,787
2022-01-04,P0031,0,786
2022-02-23,P0125,0,786
2022-01-11,P0046,0,783
2022-01-05,P0171,0,778
2022-01-07,P0126,0,777
2022-01-06,P0017,0,777
2022-02-22,P0016,0,776
2022-01-07,P0061,0,775
2022-01-03,P0149,0,768
2022-01-08,P0016,0,765
2022-01-19,P0133,0,764
2022-01-24,P0125,0,764
2022-01-02,P0057,1,756
2022-02-14,P0069,0,756
2022-01-17,P0046,0,754
2022-01-30,P0069,0,754
2022-02-02,P0046,0,754
2022-02-17,P0016,0,753
2022-01-04,P0067,0,752
2022-01-10,P0016,0,752
2022-01-01,P0175,0,750
2022-01-22,P0016,0,747
2022-01-07,P0083,0,746
2022-02-01,P0061,0,741
2022-01-07,P0116,0,739
2022-01-07,P0066,0,739
2022-01-04,P0175,0,738
2022-01-21,P0126,0,737
2022-01-14,P0057,0,735
2022-01-03,P0153,0,734
2022-02-07,P0061,0,733
2022-01-05,P0129,0,732
2022-02-01,P0046,0,731
2022-02-27,P0057,0,730
2022-01-02,P0175,0,728
2022-02-28,P0187,0,728
2022-01-20,P0016,0,726
2022-01-30,P0187,0,726
2022-02-15,P0061,0,725
2022-01-06,P0175,0,724
2022-02-03,P0187,0,723
2022-02-15,P0178,0,722
2022-02-22,P0125,0,722
2022-01-03,P0046,0,720
2022-01-30,P0178,0,719
2022-02-07,P0046,0,714
2022-02-13,P0057,0,713
2022-01-12,P0187,0,712
2022-01-26,P0016,0,709
2022-01-23,P0061,0,708
2022-01-08,P0178,0,706
2022-02-08,P0133,0,705
2022-01-24,P0046,0,704
2022-01-04,P0094,0,702
2022-01-02,P0046,0,700
2022-01-05,P0085,0,700
2022-02-27,P0125,0,700
2022-01-07,P0153,1,699
2022-01-20,P0057,0,699
2022-02-17,P0057,0,699
2022-01-08,P0096,0,698
2022-01-24,P0178,0,698
2022-02-20,P0046,0,697
2022-01-02,P0126,1,696
2022-02-05,P0057,0,696
2022-02-11,P0057,0,696
2022-01-06,P0178,0,695
2022-01-25,P0187,0,695
2022-01-10,P0069,0,693
2022-01-20,P0133,0,693
2022-01-03,P0094,1,692
2022-02-26,P0125,0,692
2022-02-07,P0126,0,691
2022-02-16,P0057,0,691
2022-02-01,P0187,0,690
2022-01-23,P0016,0,689
2022-01-13,P0133,0,686
2022-01-15,P0069,0,686
2022-01-04,P0183,0,684
2022-01-05,P0096,0,684
2022-02-07,P0187,0,684
2022-01-30,P0061,0,683
2022-02-26,P0187,0,683
2022-01-07,P0159,0,682
2022-01-02,P0129,0,682
2022-01-06,P0085,0,682
2022-02-19,P0126,0,682
2022-02-13,P0187,0,679
2022-02-11,P0178,0,678
2022-02-17,P0126,0,678
2022-02-03,P0178,0,677
2022-02-05,P0187,0,677
2022-02-22,P0069,0,677
2022-02-24,P0057,0,677
2022-01-13,P0046,0,675
2022-02-10,P0046,0,675
2022-02-17,P0125,0,675
2022-01-04,P0166,0,674
2022-01-25,P0066,0,674
2022-02-12,P0061,0,674
2022-02-25,P0061,0,674
2022-02-14,P0187,0,673
2022-01-04,P0129,0,672
2022-01-04,P0046,0,672
2022-01-18,P0016,0,671
2022-01-10,P0046,0,670
2022-02-09,P0125,0,670
2022-02-15,P0057,0,670
2022-01-08,P0116,0,669
2022-02-11,P0133,0,669
2022-01-30,P0057,0,667
2022-01-13,P0187,0,666
2022-02-21,P0187,0,665
2022-02-14,P0133,0,664
2022-01-31,P0178,0,663
2022-02-08,P0069,0,661
2022-02-21,P0133,0,661
2022-02-14,P0016,0,660
2022-02-15,P0046,0,659
2022-02-20,P0061,0,657
2022-01-04,P0068,0,656
2022-02-24,P0066,0,654
2022-02-11,P0066,0,653
2022-01-22,P0046,0,651
2022-01-23,P0046,0,649
2022-01-14,P0061,0,648
2022-01-14,P0126,0,648
2022-02-18,P0133,0,648
2022-02-20,P0069,0,648
2022-01-08,P0171,0,645
2022-02-20,P0178,0,645
2022-01-19,P0183,0,643
2022-01-22,P0061,0,642
2022-02-11,P0069,0,641
2022-01-04,P0149,0,640
2022-01-04,P0046,1,640
2022-01-17,P0133,0,640
2022-01-11,P0069,0,639
2022-01-02,P0125,0,638
2022-02-28,P0061,0,638
2022-01-17,P0126,0,637
2022-02-10,P0125,0,637
2022-02-21,P0178,0,637
2022-02-28,P0178,0,637
2022-01-15,P0133,0,636
2022-02-24,P0178,0,636
2022-01-25,P0133,0,635
2022-02-07,P0069,0,635
2022-02-18,P0061,0,635
2022-01-02,P0061,1,634
2022-01-24,P0057,0,633
2022-02-10,P0187,0,633
2022-02-10,P0126,0,633
2022-01-02,P0070,1,632
2022-01-05,P0068,0,632
2022-02-07,P0133,0,631
2022-02-15,P0126,0,631
2022-01-20,P0126,0,630
2022-01-02,P0125,1,628
2022-01-23,P0066,0,628
2022-02-02,P0016,0,628
2022-02-27,P0126,0,626
2022-01-08,P0187,0,625
2022-02-08,P0178,0,625
2022-01-03,P0159,0,624
2022-01-04,P0171,0,624
2022-01-13,P0069,0,624
2022-02-18,P0031,0,624
2022-01-06,P0153,0,623
2022-01-14,P0149,0,623
2022-01-16,P0178,0,623
2022-01-25,P0057,0,623
2022-02-10,P0066,0,623
2022-02-22,P0133,0,623
2022-01-08,P0061,0,622
2022-01-03,P0094,0,622
2022-01-29,P0187,0,622
2022-02-01,P0057,0,622
2022-02-04,P0133,0,622
2022-01-12,P0125,0,620
2022-01-28,P0126,0,620
2022-02-04,P0057,0,619
2022-01-04,P0126,0,618
2022-02-09,P0016,0,618
2022-01-26,P0069,0,615
2022-02-12,P0133,0,615
2022-02-26,P0133,0,615
2022-01-01,P0067,1,614
2022-01-07,P0125,0,614
2022-01-21,P0187,0,614
2022-01-12,P0126,0,613
2022-01-07,P0178,0,612
2022-01-12,P0066,0,612
2022-01-21,P0066,0,612
2022-01-26,P0187,0,612
2022-01-29,P0066,0,612
2022-02-23,P0187,0,612
2022-01-24,P0069,0,610
2022-02-04,P0125,0,610
2022-02-07,P0057,0,610
2022-01-10,P0133,0,609
2022-02-03,P0061,0,609
2022-01-05,P0175,0,608
2022-01-16,P0066,0,608
2022-01-17,P0187,0,608
2022-01-31,P0046,0,608
2022-01-13,P0061,0,607
2022-01-14,P0046,0,606
2022-01-26,P0046,0,606
2022-01-27,P0066,0,606
2022-02-16,P0061,0,606
2022-02-27,P0187,0,606
2022-01-09,P0187,0,604
2022-01-30,P0133,0,604
2022-01-25,P0016,0,603
2022-01-12,P0016,0,602
2022-02-10,P0057,0,601
2022-01-04,P0061,0,600
2022-01-20,P0046,0,600
2022-01-24,P0187,0,599
2022-01-08,P0057,0,598
2022-01-01,P0159,0,598
2022-01-11,P0178,0,598
2022-01-28,P0187,0,598
2022-02-25,P0057,0,598
2022-02-02,P0069,0,597
2022-01-05,P0067,0,596
2022-01-09,P0061,0,596
2022-01-27,P0187,0,596
2022-02-03,P0133,0,596
2022-02-06,P0126,0,595
2022-02-12,P0125,0,595
2022-02-26,P0057,0,595
2022-01-05,P0159,1,594
2022-01-12,P0017,0,594
2022-01-31,P0126,0,594
2022-02-18,P0066,0,594
2022-01-19,P0153,0,593
2022-01-06,P0067,1,592
2022-02-07,P0066,0,592
2022-02-13,P0178,0,592
2022-02-05,P0133,0,591
2022-01-04,P0116,0,590
2022-01-11,P0133,0,590
2022-02-13,P0133,0,590
2022-01-07,P0166,0,589
2022-02-03,P0057,0,589
2022-02-25,P0126,0,589
2022-01-01,P0083,1,588
2022-01-21,P0031,0,588
2022-02-02,P0178,0,588
2022-02-07,P0178,0,588
2022-01-07,P0096,0,587
2022-01-19,P0069,0,587
2022-01-21,P0178,0,587
2022-01-26,P0057,0,587
2022-01-30,P0066,0,587
2022-01-05,P0166,0,586
2022-01-10,P0066,0,586
2022-01-26,P0061,0,585
2022-02-06,P0094,0,585
2022-02-09,P0178,0,585
2022-02-24,P0133,0,585
2022-01-07,P0067,0,584
2022-01-08,P0125,1,584
2022-01-05,P0125,0,584
2022-01-06,P0067,0,584
2022-01-10,P0187,0,584
2022-01-10,P0057,0,584
2022-01-15,P0016,1,584
2022-01-27,P0178,0,584
2022-01-27,P0126,0,584
2022-02-02,P0066,0,584
2022-02-07,P0083,0,584
2022-02-03,P0066,0,583
2022-02-24,P0069,0,583
2022-01-03,P0083,0,582
2022-01-09,P0057,0,581
2022-01-29,P0133,0,581
2022-02-09,P0061,0,581
2022-02-03,P0125,0,580
2022-02-10,P0178,0,580
2022-01-22,P0159,0,579
2022-02-08,P0016,0,579
2022-02-10,P0083,0,579
2022-01-03,P0183,0,578
2022-02-24,P0187,0,578
2022-01-31,P0085,0,577
2022-02-06,P0069,0,577
2022-02-12,P0069,0,577
2022-01-04,P0085,0,576
2022-01-09,P0126,0,576
2022-01-18,P0171,0,576
2022-01-14,P0187,0,575
2022-02-05,P0016,0,574
2022-02-28,P0057,0,574
2022-02-14,P0129,0,573
2022-02-15,P0149,0,573
2022-01-04,P0079,0,572
2022-01-15,P0061,0,571
2022-01-26,P0066,0,571
2022-02-05,P0067,0,571
2022-01-23,P0187,0,569
2022-02-08,P0046,0,569
2022-01-08,P0066,0,567
2022-01-23,P0126,0,567
2022-02-06,P0016,0,567
2022-01-06,P0083,0,566
2022-01-19,P0061,0,566
2022-01-28,P0129,0,566
2022-02-04,P0126,0,566
2022-01-16,P0057,0,564
2022-01-18,P0061,0,564
2022-02-07,P0016,0,564
2022-02-10,P0129,0,564
2022-01-11,P0126,0,563
2022-01-31,P0187,0,563
2022-02-23,P0017,0,563
2022-02-25,P0133,0,563
2022-02-27,P0061,0,563
2022-01-08,P0079,0,562
2022-01-08,P0166,0,562
2022-01-09,P0079,0,562
2022-02-11,P0166,0,562
2022-02-22,P0046,0,561
2022-01-14,P0016,0,560
2022-02-14,P0125,0,560
2022-02-17,P0133,0,559
2022-01-05,P0159,0,558
2022-01-09,P0178,0,558
2022-02-17,P0066,0,558
2022-02-23,P0126,0,557
2022-01-01,P0085,1,556
2022-01-08,P0149,0,556
2022-01-04,P0116,1,556
2022-01-22,P0125,0,555
2022-02-11,P0116,0,555
2022-01-17,P0125,0,554
2022-02-16,P0133,0,554
2022-03-02,P0187,0,554
2022-01-15,P0017,0,553
2022-01-27,P0061,0,553
2022-02-28,P0016,0,553
2022-01-13,P0125,0,552
2022-01-17,P0057,0,552
2022-01-21,P0125,0,552
2022-02-03,P0149,0,552
2022-02-14,P0057,0,552
2022-01-09,P0069,0,551
2022-01-22,P0133,0,551
2022-02-12,P0046,0,551
2022-01-03,P0061,0,550
2022-01-15,P0057,0,550
2022-02-17,P0046,0,550
2022-02-13,P0017,0,549
2022-02-15,P0133,0,549
2022-02-27,P0046,0,549
2022-03-01,P0016,0,549
2022-01-29,P0126,1,548
2022-02-21,P0066,0,548
2022-02-17,P0178,0,547
2022-01-03,P0067,0,546
2022-01-23,P0057,0,546
2022-02-11,P0068,0,545
2022-02-13,P0066,0,545
2022-02-24,P0126,0,545
2022-02-01,P0126,0,544
2022-02-08,P0061,0,544
2022-02-16,P0016,0,544
2022-01-07,P0057,0,543
2022-01-31,P0125,0,543
2022-02-24,P0016,0,543
2022-01-03,P0069,1,542
2022-01-13,P0057,0,542
2022-01-19,P0057,0,542
2022-02-01,P0125,0,542
2022-02-21,P0125,0,542
2022-01-25,P0125,0,541
2022-01-31,P0153,0,541
2022-02-07,P0070,0,541
2022-02-10,P0016,0,541
2022-01-19,P0187,0,540
2022-01-15,P0046,0,539
2022-02-03,P0126,0,539
2022-02-12,P0067,0,539
2022-01-31,P0066,0,538
2022-02-25,P0083,0,538
2022-01-20,P0149,0,537
2022-02-10,P0149,0,536
2022-01-22,P0116,0,535
2022-01-24,P0133,0,535
2022-01-31,P0061,0,535
2022-02-17,P0159,0,535
2022-02-21,P0016,0,535
2022-02-27,P0116,0,535
2022-02-28,P0129,0,535
2022-01-10,P0178,0,534
2022-01-10,P0061,0,534
2022-01-12,P0057,0,534
2022-01-19,P0126,0,534
2022-01-28,P0125,1,534
2022-02-05,P0178,0,534
2022-02-18,P0178,0,534
2022-02-25,P0125,0,534
2022-01-07,P0017,0,533
2022-01-08,P0031,0,533
2022-01-13,P0016,0,533
2022-01-30,P0067,0,533
2022-02-18,P0187,0,533
2022-02-23,P0069,0,533
2022-01-03,P0017,0,532
2022-02-06,P0178,0,532
2022-03-02,P0133,0,532
2022-01-12,P0178,0,531
2022-01-20,P0129,0,531
2022-02-13,P0125,0,531
2022-02-18,P0125,0,531
2022-01-07,P0133,1,530
2022-01-18,P0057,0,530
2022-01-19,P0079,0,530
2022-02-24,P0046,0,530
2022-02-25,P0066,0,530
2022-01-08,P0067,0,529
2022-01-03,P0067,1,528
2022-02-05,P0125,0,528
2022-01-10,P0153,0,527
2022-01-18,P0066,0,527
2022-02-20,P0016,0,527
2022-01-03,P0166,0,526
2022-01-31,P0017,0,526
2022-02-23,P0057,0,526
2022-02-28,P0175,0,526
2022-01-24,P0061,0,525
2022-01-28,P0133,0,525
2022-01-16,P0129,0,524
2022-01-26,P0125,0,524
2022-02-23,P0133,0,524
2022-01-08,P0183,0,523
2022-01-07,P0069,0,523
2022-01-28,P0016,0,523
2022-02-09,P0116,0,523
2022-01-01,P0096,1,522
2022-01-11,P0187,0,522
2022-01-16,P0187,0,522
2022-01-18,P0125,0,521
2022-01-21,P0069,0,521
2022-02-08,P0057,0,521
2022-02-08,P0126,0,521
2022-02-15,P0066,0,521
2022-01-14,P0133,0,520
2022-01-17,P0129,0,520
2022-01-29,P0125,0,520
2022-02-06,P0079,0,520
2022-02-18,P0116,0,520
2022-02-25,P0175,0,520
2022-02-27,P0066,0,520
2022-01-09,P0046,0,519
2022-01-11,P0094,0,519
2022-01-15,P0096,0,519
2022-01-15,P0187,0,519
2022-02-28,P0133,0,519
2022-02-13,P0126,0,518
2022-02-14,P0031,0,516
2022-02-15,P0079,0,516
2022-01-10,P0129,0,515
2022-01-25,P0178,0,515
2022-02-12,P0149,0,515
2022-02-19,P0133,0,515
2022-02-23,P0061,0,515
2022-01-08,P0094,0,514
2022-01-19,P0066,0,514
2022-01-29,P0178,0,514
2022-02-02,P0061,0,514
2022-02-17,P0149,0,514
2022-02-20,P0125,0,513
2022-02-22,P0159,0,513
2022-03-01,P0166,0,513
2022-01-04,P0070,1,512
2022-01-20,P0159,0,512
2022-02-07,P0153,0,512
2022-02-08,P0153,0,512
2022-02-18,P0166,0,512
2022-03-01,P0171,0,512
2022-01-20,P0125,0,511
2022-02-04,P0046,0,511
2022-02-05,P0126,0,511
2022-02-10,P0031,0,511
2022-02-20,P0094,0,511
2022-02-21,P0057,0,511
2022-01-08,P0085,0,510
2022-01-03,P0096,0,510
2022-01-08,P0068,0,509
2022-01-20,P0178,0,509
2022-02-22,P0094,0,509
2022-02-23,P0083,0,509
2022-03-02,P0096,0,509
2022-01-04,P0171,1,508
2022-01-13,P0066,0,508
2022-01-19,P0031,0,508
2022-02-12,P0079,0,508
2022-01-15,P0178,0,507
2022-01-16,P0133,0,507
2022-02-20,P0129,0,507
2022-01-03,P0017,1,506
2022-01-07,P0094,0,505
2022-01-21,P0083,0,505
2022-01-27,P0068,0,505
2022-01-11,P0070,0,504
2022-02-02,P0070,0,504
2022-02-07,P0068,0,504
2022-02-11,P0067,0,504
2022-02-12,P0183,0,504
2022-02-01,P0017,0,503
2022-02-04,P0171,0,503
2022-02-25,P0070,0,503
2022-01-02,P0057,0,502
2022-01-26,P0149,0,502
2022-01-21,P0016,0,501
2022-01-26,P0159,0,501
2022-01-31,P0116,0,501
2022-01-17,P0061,0,500
2022-01-19,P0125,0,500
2022-02-20,P0068,0,500
2022-02-22,P0017,0,500
2022-01-10,P0079,0,499
2022-01-19,P0016,0,499
2022-01-28,P0159,0,499
2022-02-06,P0187,0,499
2022-02-26,P0016,0,499
2022-01-04,P0096,0,498
2022-02-25,P0153,0,498
2022-01-18,P0126,0,497
2022-02-03,P0046,0,497
2022-02-08,P0187,0,497
2022-02-10,P0171,0,497
2022-01-14,P0017,0,496
2022-02-26,P0175,0,496
2022-01-15,P0068,0,495
2022-02-03,P0129,0,495
2022-02-12,P0016,0,494
2022-01-23,P0129,0,493
2022-02-06,P0175,0,493
2022-02-22,P0066,0,493
2022-01-03,P0046,1,492
2022-01-05,P0183,1,492
2022-01-13,P0149,0,492
2022-01-30,P0046,0,492
2022-02-15,P0183,0,492
2022-02-18,P0017,0,492
2022-01-16,P0016,0,491
2022-02-02,P0126,0,491
2022-02-11,P0187,0,491
2022-02-23,P0178,0,491
2022-01-16,P0031,0,490
2022-01-26,P0094,0,490
2022-01-30,P0094,0,490
2022-02-06,P0129,0,490
2022-02-12,P0187,0,490
2022-02-14,P0066,0,490
2022-02-17,P0116,0,490
2022-02-24,P0061,0,490
2022-01-27,P0129,0,489
2022-02-23,P0096,0,489
2022-03-02,P0171,0,489
2022-01-02,P0178,1,488
2022-01-11,P0061,0,488
2022-01-31,P0016,0,488
2022-01-23,P0083,0,487
2022-01-25,P0129,0,487
2022-02-22,P0149,0,487
2022-03-02,P0061,0,487
2022-01-03,P0061,1,486
2022-01-27,P0057,0,486
2022-02-14,P0046,0,486
2022-01-09,P0083,0,485
2022-01-29,P0166,0,485
2022-02-08,P0125,0,485
2022-02-16,P0178,0,485
2022-02-18,P0057,0,485
2022-02-26,P0069,1,485
2022-01-24,P0096,0,484
2022-02-27,P0016,0,484
2022-01-15,P0070,0,483
2022-02-19,P0069,0,483
2022-02-27,P0085,0,483
2022-01-14,P0069,0,482
2022-01-30,P0126,0,482
2022-02-05,P0083,0,482
2022-02-23,P0046,0,482
2022-01-21,P0171,0,481
2022-01-30,P0166,0,481
2022-02-07,P0125,0,481
2022-02-17,P0096,0,481
2022-02-28,P0046,0,481
2022-01-17,P0017,0,480
2022-02-15,P0129,0,480
2022-02-15,P0125,0,480
2022-02-16,P0066,1,480
2022-02-05,P0046,0,479
2022-02-14,P0126,0,479
2022-02-15,P0016,0,479
2022-02-25,P0016,0,479
2022-02-26,P0166,0,479
2022-01-05,P0031,1,478
2022-02-05,P0017,0,478
2022-02-10,P0069,0,478
2022-02-23,P0067,0,478
2022-01-11,P0016,0,477
2022-02-09,P0159,0,477
2022-02-23,P0079,0,477
2022-01-05,P0183,0,476
2022-01-13,P0017,0,476
2022-02-21,P0126,0,476
2022-02-26,P0066,0,476
2022-01-30,P0153,0,475
2022-01-31,P0068,0,475
2022-02-07,P0171,0,475
2022-02-18,P0171,0,475
2022-01-06,P0178,1,474
2022-01-18,P0159,0,474
2022-01-09,P0116,0,473
2022-01-31,P0149,0,473
2022-02-23,P0016,1,473
2022-02-28,P0083,0,473
2022-01-09,P0149,0,472
2022-01-18,P0178,1,472
2022-01-24,P0129,0,472
2022-01-25,P0126,0,472
2022-01-31,P0069,0,472
2022-02-09,P0187,0,472
2022-02-10,P0094,0,472
2022-02-23,P0166,0,472
2022-01-07,P0171,0,471
2022-02-23,P0031,0,471
2022-01-06,P0094,0,470
2022-01-11,P0031,0,470
2022-01-23,P0149,0,470
2022-01-27,P0069,0,470
2022-02-03,P0116,0,470
2022-02-04,P0016,0,470
2022-01-28,P0046,0,469
2022-02-13,P0153,0,469
2022-02-21,P0017,0,469
2022-01-05,P0031,0,468
2022-01-09,P0016,0,468
2022-01-18,P0079,0,468
2022-01-24,P0183,0,468
2022-01-27,P0125,0,468
2022-02-28,P0159,0,468
2022-01-24,P0068,0,467
2022-01-27,P0016,0,467
2022-02-22,P0083,0,467
2022-01-17,P0178,0,466
2022-02-04,P0069,0,466
2022-03-02,P0069,0,466
2022-01-16,P0085,0,465
2022-01-23,P0031,0,465
2022-01-26,P0126,0,465
2022-02-09,P0166,0,465
2022-02-18,P0129,0,465
2022-03-01,P0068,0,465
2022-01-04,P0070,0,464
2022-01-13,P0083,0,464
2022-01-18,P0149,0,464
2022-01-25,P0171,0,464
2022-01-28,P0017,0,464
2022-02-02,P0031,0,464
2022-02-02,P0187,0,464
2022-01-09,P0183,0,463
2022-01-25,P0067,0,463
2022-02-01,P0067,0,463
2022-02-01,P0133,0,463
2022-03-02,P0067,0,463
2022-01-09,P0125,0,462
2022-01-17,P0067,0,462
2022-01-21,P0166,0,462
2022-01-27,P0046,0,462
2022-02-03,P0166,0,461
2022-02-10,P0116,0,461
2022-02-13,P0094,0,461
2022-02-14,P0159,0,461
2022-02-16,P0067,0,461
2022-02-20,P0079,0,461
2022-02-25,P0085,0,461
2022-01-11,P0067,0,460
2022-01-31,P0166,0,460
2022-02-04,P0166,0,460
2022-02-07,P0067,0,460
2022-01-15,P0066,0,459
2022-02-07,P0017,0,459
2022-02-08,P0066,0,459
2022-02-11,P0096,0,459
2022-02-20,P0066,1,459
2022-01-11,P0175,0,458
2022-01-16,P0149,0,458
2022-01-19,P0149,0,458
2022-02-18,P0046,0,458
2022-01-08,P0083,1,457
2022-01-10,P0068,0,457
2022-02-02,P0079,0,457
2022-02-04,P0066,0,457
2022-02-16,P0126,1,457
2022-02-20,P0017,0,457
2022-01-10,P0094,0,456
2022-01-11,P0125,0,456
2022-01-14,P0094,0,456
2022-01-26,P0096,0,456
2022-02-12,P0094,0,456
2022-01-12,P0069,0,455
2022-01-16,P0083,0,455
2022-01-28,P0057,0,455
2022-02-16,P0166,0,455
2022-02-18,P0069,0,455
2022-03-02,P0070,0,455
2022-01-20,P0031,0,454
2022-01-23,P0094,0,454
2022-01-31,P0057,0,454
2022-02-06,P0116,0,454
2022-02-23,P0116,0,454
2022-01-14,P0085,0,453
2022-01-23,P0069,0,453
2022-02-17,P0153,0,453
2022-02-24,P0129,0,453
2022-01-01,P0166,1,452
2022-01-08,P0175,0,452
2022-01-03,P0068,1,452
2022-02-02,P0125,0,452
2022-02-13,P0116,0,452
2022-02-21,P0116,0,452
2022-01-10,P0149,0,451
2022-01-14,P0125,0,451
2022-02-11,P0149,0,451
2022-02-27,P0031,0,451
2022-01-12,P0149,1,450
2022-01-31,P0070,0,450
2022-02-02,P0129,0,450
2022-01-25,P0096,0,449
2022-02-01,P0178,0,449
2022-02-06,P0159,0,449
2022-02-08,P0149,0,449
2022-02-25,P0046,0,449
2022-02-28,P0070,0,449
2022-03-01,P0116,0,449
2022-02-26,P0083,0,448
2022-01-10,P0067,0,447
2022-01-22,P0070,0,447
2022-02-05,P0116,0,447
2022-02-17,P0061,0,447
2022-01-08,P0159,0,446
2022-01-09,P0175,0,446
2022-01-14,P0183,0,446
2022-01-18,P0187,0,446
2022-02-08,P0079,0,446
2022-02-14,P0183,0,446
2022-02-20,P0096,0,446
2022-02-26,P0126,0,446
2022-01-31,P0079,0,445
2022-02-11,P0083,0,445
2022-02-20,P0116,0,445
2022-02-20,P0126,0,445
2022-02-24,P0166,0,445
2022-02-25,P0187,0,445
2022-01-11,P0096,0,444
2022-01-27,P0166,0,444
2022-02-05,P0061,0,444
2022-01-12,P0166,0,443
2022-01-18,P0046,0,443
2022-01-25,P0079,0,443
2022-02-15,P0017,0,443
2022-02-24,P0067,0,443
2022-01-28,P0085,0,442
2022-02-06,P0085,0,442
2022-02-16,P0187,0,442
2022-02-19,P0061,0,442
2022-02-21,P0061,0,442
2022-02-03,P0067,0,441
2022-02-06,P0017,0,441
2022-02-09,P0126,0,441
2022-03-01,P0017,0,441
2022-01-18,P0133,0,440
2022-01-19,P0166,0,440
2022-01-21,P0085,0,440
2022-02-19,P0046,0,440
2022-01-28,P0171,0,439
2022-02-16,P0116,0,439
2022-02-21,P0085,0,439
2022-02-26,P0178,0,439
2022-01-22,P0178,0,438
2022-01-27,P0070,0,438
2022-01-31,P0096,0,438
2022-02-13,P0129,0,438
2022-02-22,P0175,0,438
2022-03-01,P0153,0,438
2022-01-11,P0125,1,437
2022-01-20,P0096,0,437
2022-01-24,P0070,0,437
2022-01-25,P0159,0,437
2022-01-25,P0068,0,437
2022-01-29,P0079,0,437
2022-02-08,P0017,0,437
2022-02-21,P0079,0,437
2022-02-22,P0183,0,437
2022-02-24,P0094,0,437
2022-01-05,P0067,1,436
2022-01-27,P0017,0,436
2022-01-28,P0067,0,436
2022-01-30,P0083,0,436
2022-02-08,P0175,0,436
2022-02-12,P0083,0,436
2022-02-21,P0096,0,436
2022-02-27,P0171,0,436
2022-03-01,P0057,0,436
2022-01-29,P0069,0,435
2022-02-01,P0116,0,435
2022-03-01,P0031,0,435
2022-01-10,P0159,0,434
2022-02-09,P0066,0,434
2022-02-16,P0096,0,434
2022-02-17,P0175,0,434
2022-02-21,P0175,0,434
2022-01-20,P0079,0,433
2022-01-22,P0079,0,433
2022-01-30,P0085,0,433
2022-02-02,P0116,0,433
2022-02-13,P0016,0,433
2022-02-19,P0031,0,433
2022-03-02,P0183,0,433
2022-01-01,P0159,1,432
2022-02-06,P0183,0,432
2022-02-10,P0096,0,432
2022-02-22,P0171,0,432
2022-01-20,P0083,0,431
2022-01-31,P0159,0,431
2022-02-01,P0153,0,431
2022-02-08,P0096,0,431
2022-02-27,P0178,0,431
2022-01-11,P0129,0,430
2022-01-14,P0031,0,430
2022-01-16,P0159,0,430
2022-01-24,P0159,0,430
2022-01-25,P0153,0,430
2022-01-31,P0129,0,430
2022-02-02,P0166,0,430
2022-02-12,P0070,0,430
2022-02-21,P0183,0,430
2022-02-28,P0017,0,430
2022-03-01,P0046,0,430
2022-03-02,P0126,0,430
2022-01-12,P0046,0,429
2022-02-04,P0061,0,429
2022-02-14,P0175,0,429
2022-02-16,P0079,0,429
2022-02-17,P0171,0,429
2022-02-19,P0094,0,429
2022-01-14,P0079,0,428
2022-01-15,P0126,0,428
2022-01-21,P0153,0,428
2022-01-29,P0067,0,428
2022-02-06,P0070,0,428
2022-02-26,P0183,0,428
2022-02-28,P0183,0,428
2022-02-28,P0069,1,428
2022-01-16,P0116,0,427
2022-01-28,P0061,0,427
2022-02-09,P0183,0,427
2022-02-13,P0183,0,427
2022-02-27,P0079,0,427
2022-01-11,P0066,0,426
2022-02-11,P0017,0,426
2022-02-11,P0126,0,426
2022-02-22,P0187,0,426
2022-02-27,P0159,0,426
2022-01-16,P0061,0,425
2022-01-22,P0149,0,425
2022-02-03,P0094,0,425
2022-02-14,P0061,0,425
2022-02-15,P0116,0,425
2022-01-09,P0094,0,424
2022-01-14,P0178,0,424
2022-01-19,P0046,1,424
2022-01-23,P0067,0,424
2022-01-24,P0171,0,424
2022-02-06,P0096,0,424
2022-02-27,P0017,0,424
2022-02-27,P0133,0,424
2022-01-18,P0153,0,423
2022-01-23,P0133,1,423
2022-02-18,P0159,0,423
2022-02-24,P0125,0,423
2022-01-18,P0069,0,422
2022-01-24,P0083,0,422
2022-02-02,P0175,0,422
2022-02-05,P0096,0,422
2022-02-10,P0175,0,422
2022-02-10,P0061,1,422
2022-01-19,P0171,0,421
2022-01-24,P0016,1,421
2022-02-08,P0067,0,421
2022-02-19,P0096,0,421
2022-01-10,P0166,0,420
2022-01-18,P0094,0,420
2022-02-06,P0083,0,420
2022-02-17,P0069,0,420
2022-02-24,P0183,0,420
2022-01-30,P0016,0,419
2022-02-03,P0031,0,419
2022-02-08,P0094,0,419
2022-02-10,P0068,0,419
2022-02-22,P0178,1,419
2022-03-01,P0183,0,419
2022-01-13,P0183,0,418
2022-01-28,P0178,0,418
2022-02-15,P0070,0,418
2022-02-22,P0068,0,418
2022-01-13,P0178,0,417
2022-01-21,P0046,0,417
2022-02-22,P0031,0,417
2022-02-22,P0085,0,417
2022-03-02,P0057,0,417
2022-01-02,P0046,1,416
2022-01-12,P0061,0,416
2022-01-24,P0066,0,416
2022-02-10,P0070,0,416
2022-02-20,P0067,0,416
2022-02-26,P0046,0,416
2022-01-13,P0094,0,415
2022-01-29,P0068,0,415
2022-02-03,P0070,0,415
2022-02-03,P0079,0,415
2022-02-09,P0069,0,415
2022-02-15,P0187,0,415
2022-02-16,P0046,0,415
2022-02-24,P0070,0,415
2022-02-25,P0069,1,415
2022-03-01,P0129,0,415
2022-01-18,P0070,0,414
2022-01-19,P0017,0,414
2022-01-22,P0096,0,414
2022-02-04,P0178,0,414
2022-03-01,P0094,0,414
2022-01-17,P0070,0,413
2022-01-24,P0175,0,413
2022-02-23,P0149,0,413
2022-02-26,P0085,0,413
2022-01-14,P0129,0,412
2022-01-23,P0125,0,412
2022-02-17,P0067,0,412
2022-01-14,P0083,0,411
2022-01-19,P0129,0,411
2022-02-05,P0066,1,411
2022-02-15,P0069,0,411
2022-02-20,P0149,0,411
2022-03-02,P0094,0,411
2022-01-20,P0069,0,410
2022-01-26,P0017,0,410
2022-01-27,P0116,0,410
2022-02-02,P0085,0,410
2022-02-12,P0066,0,410
2022-02-14,P0070,0,410
2022-02-17,P0094,0,410
2022-01-21,P0061,0,409
2022-01-31,P0094,0,409
2022-02-10,P0133,0,409
2022-02-11,P0085,0,409
2022-02-16,P0031,0,409
2022-02-21,P0068,0,409
2022-01-07,P0149,0,408
2022-01-05,P0178,1,408
2022-01-09,P0153,0,408
2022-01-10,P0126,0,408
2022-01-12,P0116,0,408
2022-02-03,P0085,0,408
2022-02-09,P0083,0,408
2022-02-17,P0017,0,408
2022-02-22,P0067,0,408
2022-03-02,P0116,0,408
2022-01-13,P0171,0,407
2022-01-21,P0133,0,407
2022-02-01,P0031,0,407
2022-02-06,P0031,0,407
2022-02-08,P0129,0,407
2022-02-28,P0126,0,407
2022-01-20,P0070,0,406
2022-01-23,P0079,0,406
2022-01-25,P0116,0,406
2022-02-21,P0149,0,406
2022-01-12,P0079,0,405
2022-01-22,P0066,0,405
2022-01-27,P0149,0,405
2022-02-01,P0166,0,405
2022-02-06,P0133,1,405
2022-03-01,P0069,0,405
2022-03-02,P0153,1,405
2022-01-15,P0083,0,404
2022-02-13,P0079,0,404
2022-01-09,P0133,0,403
2022-01-18,P0178,0,403
2022-01-27,P0096,0,403
2022-02-16,P0070,0,403
2022-02-19,P0016,0,403
2022-02-23,P0085,0,403
2022-01-03,P0066,1,402
2022-01-16,P0126,0,402
2022-01-17,P0096,0,402
2022-01-20,P0067,0,402
2022-01-26,P0031,0,402
2022-01-31,P0031,0,402
2022-02-06,P0133,0,402
2022-01-09,P0017,0,401
2022-01-12,P0159,0,401
2022-01-22,P0153,0,401
2022-02-18,P0149,0,401
2022-02-24,P0153,0,401
2022-02-24,P0149,1,401
2022-02-26,P0070,0,401
2022-01-11,P0149,0,400
2022-01-26,P0085,0,400
2022-02-14,P0116,0,400
2022-01-29,P0061,1,399
2022-02-05,P0068,0,399
2022-02-10,P0166,0,399
2022-02-14,P0068,0,399
2022-01-25,P0046,0,398
2022-02-14,P0079,0,398
2022-02-14,P0178,0,398
2022-02-19,P0159,0,398
2022-02-28,P0094,0,398
2022-01-10,P0031,0,397
2022-01-24,P0153,0,397
2022-01-28,P0116,0,397
2022-01-29,P0116,0,397
2022-01-29,P0061,0,397
2022-02-05,P0031,0,397
2022-02-20,P0070,0,397
2022-02-21,P0069,0,397
2022-02-25,P0067,0,397
2022-01-08,P0129,0,396
2022-02-11,P0079,0,396
2022-02-24,P0083,0,396
2022-02-27,P0153,0,396
2022-01-12,P0133,0,395
2022-01-20,P0085,0,395
2022-01-23,P0068,0,395
2022-01-28,P0070,0,395
2022-01-29,P0046,0,395
2022-02-04,P0094,0,395
2022-02-05,P0183,0,395
2022-02-07,P0166,0,395
2022-02-17,P0079,0,395
2022-02-18,P0094,0,395
2022-03-02,P0175,0,395
2022-01-10,P0183,0,394
2022-02-28,P0153,0,394
2022-03-01,P0159,0,394
2022-01-15,P0183,0,393
2022-01-21,P0094,0,393
2022-02-04,P0070,0,393
2022-02-13,P0175,0,393
2022-01-09,P0070,0,392
2022-01-15,P0153,0,392
2022-01-16,P0067,0,392
2022-01-18,P0175,0,392
2022-01-23,P0096,0,392
2022-01-27,P0159,0,392
2022-02-22,P0070,0,392
2022-01-19,P0178,0,391
2022-01-26,P0133,0,391
2022-02-03,P0016,0,391
2022-02-27,P0094,0,391
2022-01-08,P0070,0,390
2022-01-15,P0159,0,390
2022-02-03,P0069,0,390
2022-02-18,P0068,0,390
2022-02-25,P0178,1,390
2022-03-01,P0187,0,390
2022-01-11,P0057,0,389
2022-01-25,P0085,0,389
2022-02-16,P0171,0,389
2022-02-23,P0178,1,389
2022-01-12,P0171,0,388
2022-01-12,P0083,0,388
2022-01-15,P0079,0,388
2022-02-14,P0067,0,388
2022-02-20,P0083,0,388
2022-02-25,P0178,0,388
2022-02-28,P0066,1,388
2022-01-11,P0079,0,387
2022-01-13,P0079,0,387
2022-01-14,P0096,0,387
2022-01-15,P0125,0,387
2022-02-04,P0149,0,387
2022-02-05,P0079,0,387
2022-01-26,P0178,0,386
2022-01-30,P0125,1,386
2022-01-30,P0017,1,386
2022-02-07,P0031,0,386
2022-02-10,P0153,0,386
2022-02-15,P0153,0,386
2022-01-21,P0159,0,385
2022-02-03,P0153,0,385
2022-02-03,P0083,0,385
2022-02-22,P0129,0,385
2022-01-30,P0096,0,384
2022-02-02,P0171,0,384
2022-02-11,P0175,0,384
2022-02-21,P0129,0,384
2022-02-25,P0149,0,384
2022-02-28,P0166,0,384
2022-03-01,P0061,0,384
2022-01-20,P0068,0,383
2022-01-26,P0083,0,383
2022-01-31,P0133,0,383
2022-01-11,P0183,0,382
2022-01-13,P0129,0,382
2022-01-15,P0094,0,382
2022-01-17,P0166,0,382
2022-01-17,P0066,0,382
2022-02-01,P0083,0,382
2022-02-02,P0096,0,382
2022-02-17,P0070,0,382
2022-01-09,P0129,0,381
2022-01-14,P0159,0,381
2022-01-16,P0096,0,381
2022-02-01,P0175,0,381
2022-01-14,P0067,0,380
2022-01-28,P0153,0,380
2022-02-12,P0126,1,380
2022-02-14,P0085,0,380
2022-02-26,P0171,1,380
2022-02-27,P0067,0,380
2022-01-28,P0079,0,379
2022-02-06,P0061,0,379
2022-02-13,P0171,0,379
2022-01-15,P0166,0,378
2022-01-20,P0061,0,378
2022-02-19,P0187,0,378
2022-02-24,P0085,0,378
2022-01-07,P0129,0,377
2022-01-17,P0183,0,377
2022-01-24,P0016,0,377
2022-01-24,P0017,0,377
2022-01-29,P0171,0,377
2022-02-19,P0066,0,377
2022-02-20,P0183,0,377
2022-02-28,P0066,0,377
2022-01-08,P0017,0,376
2022-01-16,P0094,0,376
2022-02-04,P0175,0,376
2022-02-24,P0017,0,376
2022-02-27,P0183,0,376
2022-01-12,P0129,0,375
2022-01-16,P0069,0,375
2022-01-25,P0031,0,375
2022-01-30,P0116,0,375
2022-01-30,P0070,0,375
2022-02-19,P0153,0,375
2022-01-10,P0125,0,373
2022-01-13,P0126,0,373
2022-01-27,P0133,0,373
2022-02-09,P0085,0,373
2022-01-23,P0133,0,372
2022-02-07,P0094,0,372
2022-01-16,P0079,0,371
2022-02-16,P0069,1,371
2022-03-02,P0031,0,371
2022-01-10,P0096,0,370
2022-01-21,P0070,0,370
2022-01-22,P0067,0,370
2022-02-01,P0094,0,370
2022-02-15,P0067,0,370
2022-01-23,P0183,0,369
2022-01-26,P0183,0,369
2022-01-28,P0061,1,369
2022-01-29,P0057,0,369
2022-02-04,P0159,0,369
2022-02-09,P0129,0,369
2022-02-13,P0069,0,369
2022-02-26,P0153,0,369
2022-02-27,P0129,0,369
2022-03-02,P0125,0,369
2022-01-21,P0116,0,368
2022-01-30,P0068,0,368
2022-02-01,P0070,0,368
2022-02-16,P0094,0,368
2022-01-26,P0068,0,367
2022-01-27,P0094,0,367
2022-02-01,P0159,0,367
2022-02-08,P0070,0,367
2022-02-18,P0153,0,367
2022-01-20,P0171,0,366
2022-01-25,P0046,1,366
2022-02-01,P0171,0,366
2022-02-03,P0175,0,366
2022-02-09,P0096,0,366
2022-02-11,P0094,0,366
2022-02-12,P0178,1,366
2022-02-20,P0175,0,366
2022-02-27,P0070,0,366
2022-02-28,P0068,0,366
2022-02-28,P0125,1,366
2022-01-20,P0066,1,365
2022-02-01,P0149,0,365
2022-02-05,P0094,0,365
2022-02-06,P0171,0,365
2022-01-16,P0017,0,364
2022-01-29,P0070,0,364
2022-02-07,P0159,0,364
2022-02-23,P0153,0,364
2022-02-25,P0129,0,364
2022-01-21,P0096,0,363
2022-01-25,P0083,0,363
2022-02-08,P0166,0,363
2022-02-19,P0149,0,363
2022-01-18,P0017,0,362
2022-02-11,P0046,0,362
2022-02-16,P0129,0,362
2022-02-16,P0125,0,362
2022-02-20,P0133,0,362
2022-03-01,P0079,0,362
2022-01-17,P0159,0,361
2022-01-24,P0166,0,361
2022-02-03,P0159,0,361
2022-02-10,P0079,0,361
2022-02-12,P0096,0,361
2022-02-26,P0067,0,361
2022-01-07,P0183,1,360
2022-02-06,P0046,0,360
2022-02-10,P0085,0,360
2022-02-15,P0094,0,360
2022-02-22,P0057,0,360
2022-02-22,P0061,0,360
2022-01-08,P0125,0,359
2022-01-21,P0175,0,359
2022-01-22,P0069,0,359
2022-01-22,P0126,0,359
2022-01-27,P0153,0,359
2022-02-02,P0153,0,359
2022-02-04,P0187,1,359
2022-02-04,P0017,0,359
2022-02-09,P0153,0,359
2022-02-12,P0057,0,359
2022-01-16,P0046,0,358
2022-01-19,P0067,0,358
2022-02-02,P0159,0,358
2022-02-04,P0079,0,358
2022-02-16,P0149,0,358
2022-02-26,P0061,0,358
2022-01-11,P0171,0,357
2022-01-21,P0068,0,357
2022-01-23,P0166,0,357
2022-01-28,P0083,0,357
2022-01-29,P0159,0,357
2022-02-09,P0046,1,357
2022-02-12,P0178,0,357
2022-02-24,P0159,0,357
2022-02-26,P0116,0,357
2022-02-17,P0187,0,356
2022-02-19,P0178,0,356
2022-01-13,P0166,0,355
2022-02-01,P0079,0,355
2022-02-07,P0175,0,355
2022-02-12,P0126,0,355
2022-02-13,P0031,0,355
2022-02-17,P0187,1,355
2022-02-19,P0171,0,355
2022-02-21,P0083,0,355
2022-02-11,P0183,0,354
2022-02-24,P0079,0,354
2022-01-09,P0031,0,353
2022-02-12,P0171,0,353
2022-02-24,P0171,0,353
2022-02-27,P0069,0,353
2022-01-15,P0085,0,352
2022-01-28,P0069,0,352
2022-01-29,P0083,0,352
2022-02-07,P0079,0,352
2022-02-21,P0094,0,352
2022-02-25,P0159,0,352
2022-02-26,P0031,0,352
2022-03-02,P0149,0,352
2022-01-26,P0175,0,351
2022-02-18,P0067,0,351
2022-03-02,P0068,0,351
2022-01-12,P0175,0,350
2022-01-22,P0094,0,350
2022-02-18,P0085,0,350
2022-02-23,P0094,0,350
2022-01-11,P0057,1,349
2022-01-13,P0175,0,349
2022-01-13,P0031,0,349
2022-01-16,P0068,0,349
2022-01-19,P0085,0,349
2022-01-21,P0149,0,349
2022-01-28,P0066,0,349
2022-02-22,P0126,0,349
2022-02-23,P0171,0,349
2022-02-26,P0096,0,349
2022-01-02,P0067,1,348
2022-01-05,P0149,1,348
2022-01-20,P0017,0,348
2022-01-29,P0017,0,348
2022-02-15,P0068,0,348
2022-02-19,P0178,1,348
2022-01-20,P0187,0,347
2022-01-22,P0187,1,347
2022-02-05,P0066,0,347
2022-02-09,P0133,0,347
2022-02-17,P0031,0,347
2022-02-22,P0166,0,347
2022-02-25,P0166,0,347
2022-02-26,P0149,0,347
2022-03-01,P0126,0,347
2022-01-14,P0116,0,346
2022-02-12,P0175,0,346
2022-01-21,P0057,0,345
2022-01-23,P0070,0,345
2022-01-28,P0175,0,345
2022-02-24,P0031,0,345
2022-02-25,P0094,0,345
2022-01-16,P0153,0,344
2022-03-01,P0067,0,344
2022-01-17,P0149,0,343
2022-01-24,P0067,0,343
2022-02-20,P0085,0,343
2022-02-23,P0129,0,343
2022-01-05,P0166,1,342
2022-01-10,P0125,1,342
2022-01-12,P0085,0,342
2022-01-14,P0166,0,342
2022-01-16,P0070,0,342
2022-01-19,P0070,0,342
2022-02-06,P0153,1,342
2022-02-15,P0166,0,342
2022-02-23,P0066,0,342
2022-01-09,P0159,0,341
2022-01-13,P0070,0,341
2022-01-16,P0125,1,341
2022-01-24,P0085,0,341
2022-01-25,P0070,0,341
2022-01-26,P0166,0,341
2022-02-04,P0031,0,341
2022-02-27,P0096,0,341
2022-01-07,P0031,0,340
2022-01-11,P0153,0,340
2022-01-19,P0175,0,340
2022-01-22,P0175,1,340
2022-02-04,P0129,0,340
2022-02-04,P0116,0,340
2022-02-17,P0166,0,340
2022-02-18,P0175,0,340
2022-02-20,P0171,0,340
2022-02-25,P0031,0,340
2022-01-27,P0085,1,339
2022-02-10,P0061,0,339
2022-02-11,P0153,0,339
2022-01-03,P0096,1,338
2022-01-17,P0068,0,338
2022-01-18,P0083,0,338
2022-01-25,P0017,0,338
2022-01-30,P0031,0,338
2022-01-30,P0159,0,338
2022-01-31,P0083,0,337
2022-02-09,P0079,1,337
2022-02-14,P0096,0,337
2022-01-01,P0149,1,336
2022-01-22,P0083,0,336
2022-01-24,P0031,0,336
2022-02-02,P0149,0,336
2022-02-11,P0159,0,336
2022-03-01,P0083,0,336
2022-01-16,P0166,0,335
2022-01-24,P0116,1,335
2022-01-30,P0125,0,335
2022-02-13,P0083,1,335
2022-02-19,P0166,0,335
2022-01-10,P0017,0,334
2022-01-11,P0159,0,334
2022-01-18,P0031,0,334
2022-02-26,P0178,1,334
2022-01-09,P0171,0,333
2022-01-10,P0171,0,333
2022-01-20,P0125,1,333
2022-01-29,P0094,0,333
2022-02-28,P0171,0,332
2022-02-28,P0067,0,332
2022-01-12,P0096,0,331
2022-01-17,P0016,0,331
2022-01-22,P0031,0,331
2022-01-24,P0126,0,331
2022-02-08,P0083,0,331
2022-01-14,P0171,0,330
2022-01-20,P0166,0,330
2022-01-22,P0171,1,330
2022-02-16,P0183,0,330
2022-02-09,P0070,0,329
2022-02-16,P0153,0,329
2022-03-02,P0017,0,329
2022-01-12,P0094,0,328
2022-02-07,P0096,0,328
2022-01-07,P0175,0,327
2022-01-22,P0017,1,327
2022-01-22,P0068,1,327
2022-01-25,P0149,0,327
2022-01-25,P0183,0,326
2022-02-07,P0183,1,326
2022-02-18,P0183,0,326
2022-03-02,P0066,0,326
2022-01-07,P0070,0,325
2022-01-08,P0153,0,325
2022-01-23,P0116,0,325
2022-02-02,P0017,0,325
2022-02-19,P0067,0,325
2022-02-20,P0187,0,325
2022-03-01,P0133,0,325
2022-01-20,P0175,0,324
2022-01-22,P0129,0,324
2022-01-26,P0067,0,324
2022-02-25,P0079,0,324
2022-03-01,P0178,0,324
2022-03-02,P0159,0,324
2022-01-18,P0068,0,323
2022-02-09,P0046,0,323
2022-02-23,P0175,0,323
2022-01-08,P0057,1,322
2022-01-09,P0067,0,322
2022-01-15,P0171,0,322
2022-01-17,P0171,0,322
2022-01-25,P0166,0,322
2022-02-20,P0057,0,322
2022-02-04,P0085,0,321
2022-02-11,P0129,0,321
2022-03-02,P0085,0,321
2022-01-03,P0178,1,320
2022-01-06,P0083,1,320
2022-01-29,P0031,0,320
2022-02-02,P0083,0,320
2022-02-18,P0126,1,320
2022-01-19,P0116,0,319
2022-01-26,P0116,0,319
2022-01-05,P0187,1,318
2022-01-15,P0129,0,318
2022-01-19,P0094,1,318
2022-01-30,P0129,0,318
2022-02-09,P0017,0,318
2022-02-21,P0159,0,318
2022-03-02,P0083,0,318
2022-02-02,P0067,1,317
2022-02-13,P0149,0,317
2022-02-15,P0175,0,317
2022-03-01,P0125,0,317
2022-02-09,P0031,0,316
2022-03-01,P0066,0,316
2022-02-07,P0085,0,315
2022-02-28,P0116,0,315
2022-03-01,P0149,0,315
2022-02-01,P0129,0,314
2022-02-28,P0149,0,314
2022-01-12,P0031,1,313
2022-01-29,P0016,0,313
2022-01-29,P0126,0,313
2022-02-09,P0057,0,313
2022-02-21,P0171,1,313
2022-01-12,P0067,0,312
2022-01-13,P0153,0,312
2022-02-11,P0046,1,312
2022-02-12,P0068,0,312
2022-02-16,P0066,0,312
2022-02-25,P0069,0,312
2022-01-09,P0096,0,311
2022-01-26,P0129,0,311
2022-01-26,P0153,1,311
2022-02-17,P0129,0,311
2022-02-19,P0085,0,311
2022-02-22,P0187,1,311
2022-02-27,P0068,0,311
2022-03-01,P0070,0,311
2022-01-03,P0171,1,310
2022-02-04,P0187,0,310
2022-02-08,P0031,0,310
2022-02-16,P0069,0,310
2022-01-08,P0061,1,309
2022-01-13,P0159,0,309
2022-01-28,P0031,0,309
2022-01-28,P0183,0,309
2022-02-11,P0016,1,309
2022-02-11,P0070,0,309
2022-02-19,P0057,0,309
2022-02-13,P0061,0,308
2022-02-27,P0166,0,308
2022-01-18,P0096,0,307
2022-02-07,P0116,0,307
2022-02-19,P0083,0,307
2022-02-21,P0067,0,307
2022-02-25,P0046,1,307
2022-02-26,P0094,0,307
2022-01-12,P0070,0,306
2022-01-13,P0178,1,306
2022-01-15,P0031,0,306
2022-01-19,P0083,1,306
2022-02-01,P0183,0,306
2022-02-10,P0017,0,306
2022-02-14,P0017,0,306
2022-01-10,P0116,0,305
2022-01-28,P0096,0,305
2022-01-02,P0069,1,304
2022-01-06,P0094,1,304
2022-01-14,P0125,1,304
2022-01-28,P0166,0,304
2022-02-03,P0017,0,304
2022-02-05,P0129,1,304
2022-02-06,P0068,0,304
2022-02-21,P0031,0,304
2022-01-08,P0066,1,303
2022-01-09,P0085,0,303
2022-01-17,P0031,0,303
2022-02-24,P0068,0,303
2022-02-02,P0057,0,302
2022-03-01,P0085,0,302
2022-01-13,P0116,1,301
2022-01-22,P0187,0,301
2022-01-23,P0017,0,301
2022-01-24,P0094,1,301
2022-01-25,P0175,0,301
2022-02-05,P0070,0,301
2022-02-08,P0085,1,301
2022-01-22,P0057,0,300
2022-02-01,P0069,0,300
2022-02-09,P0126,1,300
2022-02-11,P0125,0,300
2022-02-16,P0017,0,300
2022-02-16,P0068,0,300
2022-02-18,P0083,0,300
2022-02-19,P0183,0,300
2022-02-19,P0061,1,300
2022-02-22,P0079,0,300
2022-03-02,P0129,1,300
2022-01-28,P0178,1,299
2022-02-03,P0171,0,299
2022-02-12,P0166,0,299
2022-02-14,P0171,0,299
2022-01-08,P0153,1,298
2022-01-09,P0068,0,298
2022-01-18,P0129,0,298
2022-01-23,P0159,0,298
2022-02-14,P0153,0,298
2022-02-20,P0066,0,298
2022-01-07,P0094,1,297
2022-01-11,P0085,0,297
2022-01-11,P0068,0,297
2022-01-13,P0068,0,297
2022-01-17,P0116,0,297
2022-01-30,P0183,0,297
2022-02-08,P0171,0,297
2022-02-15,P0096,1,297
2022-01-02,P0079,1,296
2022-01-10,P0083,0,296
2022-01-17,P0016,1,296
2022-01-20,P0183,0,296
2022-02-02,P0057,1,296
2022-02-18,P0079,0,296
2022-02-19,P0068,0,296
2022-02-20,P0031,0,296
2022-02-28,P0069,0,296
2022-01-30,P0171,1,295
2022-02-16,P0126,0,295
2022-02-18,P0083,1,295
2022-02-21,P0070,1,295
2022-01-07,P0178,1,294
2022-02-04,P0083,0,294
2022-03-01,P0096,0,294
2022-02-05,P0085,0,293
2022-02-11,P0187,1,293
2022-02-12,P0129,0,293
2022-02-24,P0096,0,293
2022-03-01,P0175,0,293
2022-01-07,P0085,0,292
2022-01-04,P0083,1,292
2022-01-04,P0166,1,292
2022-01-22,P0126,1,292
2022-02-09,P0175,0,292
2022-02-25,P0096,0,292
2022-03-02,P0129,0,292
2022-01-12,P0133,1,291
2022-01-19,P0046,0,291
2022-01-20,P0153,0,291
2022-01-29,P0129,0,291
2022-02-04,P0068,0,291
2022-02-06,P0067,0,291
2022-02-12,P0017,0,291
2022-02-18,P0096,0,291
2022-01-03,P0129,1,290
2022-01-18,P0085,0,290
2022-02-20,P0166,0,290
2022-01-29,P0175,0,289
2022-02-09,P0069,1,289
2022-02-28,P0125,0,289
2022-01-05,P0153,0,288
2022-01-24,P0079,1,288
2022-01-29,P0183,0,288
2022-01-31,P0175,0,288
2022-02-05,P0153,0,288
2022-01-31,P0067,0,287
2022-01-01,P0046,1,286
2022-01-03,P0070,1,286
2022-01-04,P0153,1,286
2022-01-18,P0067,0,286
2022-01-21,P0129,0,286
2022-01-29,P0153,0,285
2022-02-21,P0166,1,285
2022-01-20,P0066,0,284
2022-02-06,P0057,1,284
2022-02-09,P0149,0,284
2022-02-22,P0096,1,284
2022-01-19,P0096,0,283
2022-02-13,P0067,0,283
2022-02-19,P0129,0,283
2022-01-23,P0085,0,282
2022-01-27,P0083,0,282
2022-02-25,P0017,0,282
2022-01-15,P0175,0,281
2022-01-24,P0149,1,281
2022-02-17,P0068,1,281
2022-01-19,P0068,0,280
2022-01-20,P0116,0,280
2022-01-22,P0166,0,280
2022-01-25,P0094,0,280
2022-02-02,P0094,0,280
2022-02-05,P0175,0,280
2022-01-14,P0175,0,279
2022-01-22,P0183,0,279
2022-02-17,P0183,0,279
2022-02-18,P0126,0,279
2022-02-19,P0017,0,279
2022-02-20,P0153,1,279
2022-01-02,P0175,1,278
2022-02-13,P0061,1,278
2022-01-25,P0061,0,277
2022-01-30,P0183,1,277
2022-02-02,P0183,1,277
2022-02-19,P0079,0,277
2022-01-18,P0166,0,276
2022-02-08,P0159,0,276
2022-01-19,P0159,0,275
2022-02-02,P0133,0,275
2022-02-04,P0153,0,275
2022-02-15,P0031,0,275
2022-02-26,P0079,0,275
2022-01-11,P0083,0,274
2022-01-13,P0085,1,274
2022-01-16,P0183,0,274
2022-01-29,P0096,1,274
2022-02-11,P0031,1,274
2022-02-15,P0083,0,274
2022-02-17,P0068,0,274
2022-01-10,P0085,0,273
2022-01-17,P0171,1,273
2022-01-18,P0126,1,273
2022-02-13,P0085,0,273
2022-02-17,P0085,0,273
2022-02-21,P0171,0,273
2022-02-24,P0116,0,273
2022-02-25,P0171,0,273
2022-01-27,P0067,0,272
2022-02-08,P0183,0,272
2022-02-11,P0125,1,272
2022-02-13,P0096,1,272
2022-02-25,P0187,1,272
2022-01-07,P0068,0,271
2022-01-13,P0067,0,271
2022-01-17,P0153,0,271
2022-02-08,P0116,0,271
2022-02-12,P0057,1,271
2022-02-13,P0159,0,271
2022-02-21,P0070,0,271
2022-01-27,P0031,0,270
2022-01-29,P0149,0,270
2022-02-09,P0068,0,270
2022-02-15,P0096,0,270
2022-02-18,P0070,0,270
2022-02-19,P0125,0,270
2022-02-24,P0175,0,270
2022-02-04,P0096,1,269
2022-02-15,P0171,0,269
2022-02-20,P0166,1,269
2022-02-21,P0126,1,269
2022-02-22,P0116,0,269
2022-02-28,P0079,0,269
2022-01-23,P0153,0,268
2022-02-11,P0171,0,268
2022-01-25,P0069,1,267
2022-02-27,P0083,0,267
2022-01-06,P0171,1,266
2022-02-10,P0183,0,266
2022-02-22,P0153,0,266
2022-02-28,P0096,0,266
2022-01-13,P0096,0,265
2022-01-24,P0149,0,265
2022-02-13,P0068,0,265
2022-03-02,P0083,1,265
2022-01-06,P0159,1,264
2022-01-14,P0153,0,264
2022-01-26,P0171,0,264
2022-01-29,P0153,1,264
2022-02-04,P0067,0,264
2022-02-05,P0171,0,264
2022-02-06,P0166,0,264
2022-02-16,P0178,1,264
2022-02-23,P0016,0,264
2022-01-27,P0183,0,263
2022-01-31,P0171,0,263
2022-02-01,P0085,0,263
2022-03-02,P0166,0,263
2022-01-07,P0066,1,262
2022-02-12,P0085,0,262
2022-02-12,P0046,1,262
2022-02-16,P0159,0,262
2022-02-19,P0068,1,262
2022-01-28,P0068,0,261
2022-02-05,P0046,1,261
2022-01-01,P0017,1,260
2022-01-06,P0125,1,260
2022-01-14,P0178,1,260
2022-01-28,P0094,0,260
2022-02-01,P0125,1,260
2022-02-13,P0166,0,260
2022-01-08,P0116,1,259
2022-01-15,P0116,0,258
2022-02-01,P0096,0,258
2022-01-17,P0079,0,257
2022-01-18,P0183,0,257
2022-01-21,P0183,0,257
2022-02-01,P0068,0,257
2022-02-05,P0159,0,257
2022-02-12,P0166,1,257
2022-02-19,P0066,1,257
2022-02-20,P0187,1,257
2022-01-02,P0133,1,256
2022-01-06,P0116,1,256
2022-01-21,P0067,1,256
2022-02-13,P0046,0,256
2022-02-21,P0153,0,256
2022-02-22,P0079,1,256
2022-01-14,P0070,0,255
2022-01-23,P0178,1,255
2022-02-06,P0057,0,255
2022-02-25,P0116,0,255
2022-03-02,P0016,1,255
2022-01-20,P0094,0,254
2022-01-30,P0175,0,254
2022-02-06,P0149,0,254
2022-02-23,P0159,0,254
2022-01-25,P0149,1,253
2022-02-03,P0096,0,253
2022-01-02,P0129,1,252
2022-01-13,P0085,0,252
2022-02-02,P0061,1,252
2022-02-12,P0153,0,252
2022-02-16,P0083,1,252
2022-02-16,P0017,1,252
2022-02-19,P0116,0,252
2022-02-26,P0069,0,252
2022-02-02,P0094,1,251
2022-02-03,P0017,1,251
2022-02-05,P0149,1,251
2022-02-12,P0159,0,251
2022-02-19,P0070,0,251
2022-01-03,P0083,1,250
2022-01-24,P0126,1,250
2022-01-30,P0149,0,250
2022-01-31,P0171,1,250
2022-02-04,P0096,0,250
2022-02-16,P0083,0,250
2022-02-21,P0061,1,250
2022-02-27,P0069,1,250
2022-01-16,P0125,0,249
2022-02-11,P0016,0,249
2022-01-18,P0116,0,248
2022-01-22,P0057,1,248
2022-01-25,P0069,0,248
2022-02-22,P0096,0,248
2022-02-23,P0068,1,248
2022-01-10,P0070,0,247
2022-02-05,P0171,1,247
2022-02-09,P0171,0,247
2022-02-02,P0133,1,246
2022-01-15,P0116,1,245
2022-02-04,P0183,0,245
2022-02-20,P0159,0,245
2022-01-15,P0149,0,244
2022-02-05,P0149,0,244
2022-02-11,P0171,1,244
2022-02-19,P0175,0,244
2022-02-26,P0017,0,244
2022-01-17,P0085,1,243
2022-01-22,P0066,1,243
2022-01-28,P0149,1,243
2022-02-03,P0183,1,243
2022-02-12,P0129,1,243
2022-01-16,P0175,0,242
2022-02-09,P0067,0,242
2022-02-10,P0159,0,242
2022-03-03,P0070,1,242
2022-01-14,P0068,0,241
2022-01-20,P0153,1,241
2022-02-13,P0166,1,241
2022-01-30,P0066,1,240
2022-02-07,P0057,1,240
2022-02-28,P0096,1,240
2022-01-16,P0171,0,239
2022-01-21,P0017,0,239
2022-02-02,P0068,0,239
2022-02-09,P0057,1,239
2022-02-12,P0116,0,239
2022-02-19,P0079,1,239
2022-02-09,P0094,0,237
2022-02-14,P0149,0,237
2022-02-25,P0183,0,237
2022-02-27,P0166,1,237
2022-01-01,P0070,1,236
2022-01-05,P0085,1,236
2022-01-09,P0166,1,236
2022-01-17,P0083,0,236
2022-01-20,P0061,1,236
2022-01-12,P0183,0,235
2022-01-16,P0046,1,235
2022-01-26,P0079,0,235
2022-01-28,P0133,1,235
2022-02-14,P0149,1,235
2022-01-23,P0171,1,234
2022-02-06,P0149,1,234
2022-02-20,P0057,1,234
2022-02-26,P0068,0,234
2022-02-28,P0031,0,234
2022-03-02,P0016,0,234
2022-01-17,P0183,1,233
2022-02-07,P0129,1,233
2022-02-16,P0046,1,233
2022-01-17,P0094,0,232
2022-01-23,P0175,0,232
2022-01-26,P0070,1,232
2022-02-22,P0178,0,232
2022-01-15,P0016,0,231
2022-01-28,P0149,0,231
2022-01-31,P0057,1,230
2022-02-05,P0166,0,230
2022-02-15,P0159,0,230
2022-01-07,P0133,0,229
2022-01-11,P0116,1,229
2022-01-19,P0094,0,229
2022-01-21,P0079,0,229
2022-01-22,P0166,1,229
2022-01-30,P0126,1,229
2022-01-30,P0079,0,228
2022-02-05,P0166,1,228
2022-02-10,P0067,0,228
2022-02-13,P0096,0,228
2022-02-14,P0166,0,228
2022-02-27,P0175,0,228
2022-02-28,P0031,1,228
2022-02-06,P0153,0,227
2022-02-08,P0057,1,227
2022-03-02,P0079,0,227
2022-01-11,P0133,1,226
2022-01-21,P0187,1,226
2022-02-13,P0046,1,226
2022-01-11,P0116,0,225
2022-01-28,P0125,0,225
2022-02-20,P0153,0,225
2022-01-07,P0175,1,224
2022-01-03,P0159,1,224
2022-01-02,P0083,1,224
2022-01-06,P0183,1,224
2022-02-27,P0149,1,224
2022-01-17,P0175,1,223
2022-02-05,P0125,1,222
2022-02-07,P0066,1,222
2022-02-13,P0159,1,222
2022-01-20,P0187,1,221
2022-02-03,P0183,0,221
2022-02-08,P0068,0,221
2022-02-27,P0149,0,221
2022-01-01,P0153,1,220
2022-01-04,P0085,1,220
2022-01-04,P0183,1,220
2022-02-19,P0017,1,220
2022-02-19,P0125,1,220
2022-01-10,P0175,0,219
2022-01-15,P0187,1,219
2022-02-06,P0068,1,219
2022-01-03,P0149,1,218
2022-01-17,P0066,1,218
2022-01-19,P0187,1,218
2022-02-04,P0067,1,218
2022-02-19,P0057,1,218
2022-01-09,P0178,1,216
2022-01-14,P0066,0,216
2022-01-16,P0175,1,216
2022-01-22,P0069,1,216
2022-02-10,P0067,1,216
2022-01-07,P0085,1,215
2022-01-07,P0017,1,215
2022-02-14,P0094,1,215
2022-02-26,P0061,1,215
2022-01-15,P0149,1,214
2022-01-20,P0094,1,214
2022-01-26,P0125,1,214
2022-03-02,P0178,1,214
2022-01-07,P0183,0,213
2022-01-21,P0017,1,213
2022-01-22,P0175,0,213
2022-02-17,P0083,0,213
2022-01-23,P0178,0,212
2022-01-30,P0016,1,212
2022-02-28,P0085,0,212
2022-01-12,P0068,0,211
2022-01-28,P0083,1,211
2022-02-26,P0129,0,211
2022-01-05,P0129,1,210
2022-01-21,P0066,1,210
2022-02-07,P0129,0,210
2022-02-23,P0187,1,210
2022-01-24,P0069,1,209
2022-01-29,P0096,0,209
2022-01-07,P0126,1,208
2022-01-03,P0079,1,208
2022-01-05,P0046,1,208
2022-01-26,P0079,1,208
2022-01-27,P0031,1,208
2022-01-30,P0149,1,208
2022-01-31,P0016,1,208
2022-02-06,P0069,1,208
2022-02-15,P0187,1,208
2022-01-12,P0153,0,207
2022-01-17,P0057,1,207
2022-02-05,P0061,1,207
2022-02-15,P0085,0,207
2022-02-15,P0175,1,207
2022-01-12,P0178,1,206
2022-01-18,P0066,1,206
2022-02-07,P0149,1,206
2022-02-12,P0031,0,206
2022-01-30,P0171,0,205
2022-01-04,P0016,1,204
2022-01-07,P0057,1,204
2022-01-28,P0057,1,204
2022-02-12,P0153,1,204
2022-02-16,P0175,0,204
2022-02-21,P0057,1,204
2022-02-23,P0070,0,204
2022-01-18,P0133,1,203
2022-02-02,P0183,0,203
2022-02-25,P0068,0,203
2022-01-17,P0085,0,202
2022-02-13,P0016,1,202
2022-01-15,P0067,0,201
2022-01-17,P0079,1,201
2022-01-18,P0083,1,201
2022-01-27,P0175,0,201
2022-01-31,P0183,0,201
2022-02-26,P0126,1,201
2022-01-12,P0031,0,200
2022-01-21,P0067,0,200
2022-01-21,P0057,1,200
2022-01-22,P0085,0,200
2022-02-02,P0125,1,200
2022-02-09,P0129,1,200
2022-02-11,P0085,1,200
2022-02-14,P0083,0,200
2022-02-14,P0178,1,200
2022-02-17,P0133,1,200
2022-02-24,P0125,1,200
2022-02-27,P0083,1,200
2022-01-10,P0085,1,199
2022-01-27,P0171,0,199
2022-01-28,P0096,1,199
2022-02-09,P0133,1,199
2022-02-19,P0069,1,199
2022-02-19,P0175,1,199
2022-02-23,P0133,1,199
2022-03-02,P0017,1,199
2022-01-03,P0175,1,198
2022-01-05,P0068,1,198
2022-01-11,P0166,0,198
2022-02-21,P0016,1,198
2022-02-28,P0126,1,198
2022-01-09,P0069,1,197
2022-01-12,P0153,1,197
2022-01-17,P0125,1,197
2022-01-23,P0069,1,197
2022-01-25,P0178,1,197
2022-02-07,P0149,0,197
2022-02-10,P0069,1,197
2022-02-10,P0183,1,197
2022-02-16,P0085,0,196
2022-01-26,P0070,0,195
2022-02-02,P0068,1,195
2022-02-04,P0031,1,195
2022-02-26,P0159,0,195
2022-02-27,P0178,1,195
2022-03-02,P0046,0,195
2022-01-09,P0016,1,194
2022-01-29,P0183,1,194
2022-02-01,P0183,1,194
2022-01-11,P0017,1,193
2022-01-13,P0126,1,193
2022-01-15,P0061,1,193
2022-02-23,P0066,1,193
2022-01-03,P0153,1,192
2022-01-10,P0178,1,192
2022-01-24,P0094,0,192
2022-01-31,P0125,1,192
2022-02-05,P0129,0,192
2022-02-14,P0083,1,192
2022-01-25,P0126,1,191
2022-02-15,P0125,1,191
2022-01-13,P0031,1,190
2022-01-19,P0083,0,190
2022-02-06,P0079,1,190
2022-02-23,P0070,1,190
2022-01-14,P0066,1,189
2022-01-17,P0175,0,189
2022-02-13,P0069,1,189
2022-02-14,P0171,1,189
2022-01-07,P0031,1,188
2022-01-15,P0067,1,188
2022-01-24,P0125,1,188
2022-01-25,P0031,1,188
2022-02-07,P0126,1,188
2022-02-18,P0061,1,188
2022-02-24,P0069,1,188
2022-03-02,P0046,1,188
2022-01-25,P0175,1,187
2022-01-26,P0153,0,187
2022-02-03,P0068,0,187
2022-02-11,P0031,0,187
2022-02-16,P0096,1,187
2022-02-22,P0153,1,187
2022-01-19,P0067,1,186
2022-02-01,P0096,1,186
2022-02-07,P0183,0,186
2022-01-11,P0187,1,185
2022-01-27,P0079,0,185
2022-02-25,P0159,1,185
2022-01-04,P0187,1,184
2022-01-15,P0085,1,184
2022-01-28,P0069,1,184
2022-01-20,P0175,1,183
2022-01-23,P0046,1,183
2022-01-28,P0068,1,183
2022-01-29,P0085,0,183
2022-01-12,P0046,1,182
2022-01-17,P0166,1,182
2022-01-22,P0171,0,182
2022-02-11,P0126,1,182
2022-02-14,P0125,1,182
2022-01-13,P0159,1,181
2022-01-14,P0133,1,181
2022-02-02,P0016,1,181
2022-02-20,P0031,1,181
2022-01-29,P0187,1,180
2022-01-31,P0083,1,180
2022-02-08,P0129,1,180
2022-02-13,P0067,1,180
2022-02-15,P0016,1,180
2022-03-02,P0178,0,180
2022-01-11,P0126,1,179
2022-02-08,P0159,1,179
2022-02-16,P0175,1,179
2022-02-17,P0183,1,179
2022-02-21,P0153,1,179
2022-02-22,P0085,1,179
2022-01-17,P0094,1,178
2022-02-04,P0083,1,178
2022-01-10,P0116,1,177
2022-01-12,P0057,1,177
2022-01-30,P0017,0,177
2022-02-23,P0183,0,177
2022-02-27,P0175,1,177
2022-01-22,P0017,0,176
2022-01-22,P0068,0,176
2022-01-31,P0129,1,176
2022-02-02,P0069,1,176
2022-02-18,P0057,1,176
2022-02-01,P0085,1,175
2022-02-25,P0149,1,175
2022-01-25,P0061,1,174
2022-01-27,P0083,1,174
2022-01-29,P0133,1,174
2022-02-13,P0133,1,174
2022-02-14,P0166,1,174
2022-02-15,P0085,1,173
2022-02-24,P0178,1,173
2022-01-05,P0079,1,172
2022-01-06,P0046,1,172
2022-02-03,P0068,1,172
2022-02-24,P0046,1,172
2022-01-07,P0153,0,171
2022-02-15,P0171,1,171
2022-02-09,P0149,1,170
2022-02-14,P0094,0,170
2022-02-23,P0061,1,170
2022-01-17,P0133,1,169
2022-01-18,P0061,1,169
2022-02-04,P0094,1,169
2022-02-10,P0017,1,169
2022-01-18,P0166,1,168
2022-02-03,P0083,1,168
2022-02-19,P0067,1,168
2022-02-24,P0126,1,168
2022-01-31,P0069,1,167
2022-02-23,P0068,0,167
2022-01-06,P0079,1,166
2022-01-24,P0067,1,166
2022-01-26,P0129,1,166
2022-01-09,P0096,1,165
2022-01-19,P0057,1,165
2022-02-04,P0175,1,165
2022-01-04,P0096,1,164
2022-01-04,P0125,1,164
2022-01-12,P0083,1,164
2022-02-13,P0070,0,164
2022-02-25,P0116,1,164
2022-01-07,P0171,1,163
2022-01-10,P0126,1,163
2022-02-08,P0067,1,163
2022-02-09,P0187,1,163
2022-02-13,P0183,1,163
2022-02-13,P0068,1,163
2022-02-24,P0149,0,163
2022-02-27,P0016,1,163
2022-01-23,P0175,1,162
2022-01-24,P0175,1,162
2022-02-10,P0149,1,162
2022-01-07,P0129,1,161
2022-01-10,P0070,1,161
2022-01-27,P0069,1,161
2022-02-08,P0066,1,161
2022-02-26,P0171,0,161
2022-03-01,P0175,1,161
2022-01-20,P0178,1,160
2022-01-23,P0171,0,160
2022-01-10,P0017,1,159
2022-01-24,P0066,1,159
2022-01-26,P0083,1,159
2022-01-27,P0171,1,159
2022-02-11,P0129,1,159
2022-02-20,P0159,1,159
2022-02-26,P0079,1,159
2022-01-30,P0079,1,158
2022-02-02,P0126,1,158
2022-02-08,P0069,1,158
2022-01-21,P0129,1,157
2022-01-25,P0070,1,157
2022-01-27,P0153,1,157
2022-01-29,P0046,1,157
2022-02-06,P0046,1,157
2022-02-13,P0085,1,157
2022-02-15,P0067,1,157
2022-01-08,P0085,1,156
2022-02-26,P0016,1,156
2022-02-12,P0187,1,155
2022-01-11,P0017,0,154
2022-01-16,P0183,1,154
2022-01-24,P0187,1,154
2022-01-30,P0116,1,154
2022-02-08,P0187,1,154
2022-02-20,P0016,1,154
2022-02-23,P0183,1,154
2022-01-11,P0096,1,153
2022-01-15,P0126,1,153
2022-01-18,P0187,1,153
2022-02-12,P0133,1,153
2022-03-02,P0057,1,153
2022-03-03,P0116,0,153
2022-01-14,P0061,1,152
2022-01-16,P0133,1,152
2022-01-22,P0085,1,152
2022-02-15,P0066,1,152
2022-02-19,P0016,1,152
2022-01-08,P0171,1,151
2022-01-24,P0116,0,151
2022-01-31,P0183,1,151
2022-02-18,P0085,1,151
2022-02-24,P0175,1,151
2022-02-27,P0066,1,151
2022-01-04,P0129,1,150
2022-02-19,P0116,1,150
2022-01-08,P0083,0,149
2022-01-15,P0159,1,149
2022-01-27,P0057,1,149
2022-01-27,P0125,1,148
2022-02-09,P0079,0,148
2022-02-10,P0133,1,148
2022-02-16,P0159,1,148
2022-03-03,P0171,0,148
2022-01-11,P0016,1,147
2022-01-14,P0153,1,147
2022-01-15,P0171,1,147
2022-01-18,P0046,1,147
2022-02-04,P0066,1,147
2022-02-12,P0159,1,147
2022-01-11,P0070,1,146
2022-01-11,P0083,1,146
2022-01-18,P0017,1,146
2022-02-26,P0187,1,146
2022-03-01,P0149,1,146
2022-01-09,P0166,0,145
2022-02-14,P0116,1,145
2022-02-21,P0166,0,145
2022-02-21,P0178,1,145
2022-02-25,P0061,1,145
2022-02-25,P0017,1,145
2022-01-04,P0178,1,144
2022-01-10,P0166,1,144
2022-01-18,P0183,1,144
2022-01-23,P0183,1,144
2022-01-23,P0116,1,144
2022-02-24,P0116,1,144
2022-01-11,P0166,1,143
2022-02-03,P0016,1,143
2022-01-08,P0070,1,142
2022-01-18,P0116,1,142
2022-01-20,P0046,1,142
2022-01-23,P0166,1,142
2022-01-23,P0085,1,142
2022-02-03,P0096,1,142
2022-02-04,P0069,1,142
2022-02-13,P0125,1,142
2022-01-15,P0178,1,141
2022-01-18,P0079,1,141
2022-01-20,P0069,1,141
2022-01-29,P0085,1,141
2022-02-03,P0069,1,141
2022-02-03,P0125,1,141
2022-02-07,P0096,1,141
2022-01-21,P0046,1,140
2022-01-27,P0067,1,140
2022-01-29,P0057,1,140
2022-02-26,P0057,1,140
2022-02-28,P0116,1,140
2022-01-23,P0153,1,139
2022-01-31,P0178,1,139
2022-02-03,P0079,1,139
2022-02-13,P0070,1,139
2022-02-19,P0083,1,139
2022-02-22,P0116,1,139
2022-02-25,P0067,1,139
2022-02-26,P0094,1,139
2022-02-28,P0149,1,139
2022-01-25,P0057,1,138
2022-01-27,P0016,1,138
2022-01-29,P0149,1,138
2022-02-01,P0069,1,138
2022-02-12,P0068,1,138
2022-02-12,P0067,1,138
2022-02-05,P0175,1,137
2022-02-11,P0079,1,137
2022-02-18,P0094,1,137
2022-02-25,P0031,1,137
2022-02-28,P0079,1,137
2022-03-01,P0070,1,137
2022-03-01,P0183,1,137
2022-01-01,P0133,1,136
2022-01-11,P0079,1,136
2022-01-15,P0031,1,136
2022-02-10,P0178,1,136
2022-02-23,P0159,1,136
2022-01-13,P0116,0,135
2022-01-13,P0057,1,135
2022-02-07,P0175,1,135
2022-03-02,P0166,1,135
2022-01-15,P0094,1,134
2022-02-02,P0149,1,134
2022-02-06,P0067,1,134
2022-02-18,P0066,1,134
2022-01-12,P0069,1,133
2022-01-18,P0068,1,133
2022-01-18,P0085,1,133
2022-02-03,P0046,1,133
2022-02-14,P0061,1,133
2022-02-21,P0116,1,133
2022-02-13,P0083,0,132
2022-01-09,P0126,1,131
2022-01-10,P0175,1,131
2022-01-19,P0066,1,131
2022-02-04,P0046,1,131
2022-01-04,P0094,1,130
2022-01-11,P0171,1,130
2022-01-19,P0069,1,130
2022-01-30,P0175,1,130
2022-02-02,P0153,1,130
2022-02-15,P0153,1,130
2022-02-15,P0079,1,130
2022-01-14,P0070,1,129
2022-02-02,P0085,1,129
2022-02-12,P0066,1,129
2022-02-22,P0066,1,129
2022-03-02,P0159,1,129
2022-01-16,P0017,1,128
2022-01-18,P0096,1,128
2022-01-21,P0070,1,128
2022-01-31,P0133,1,128
2022-02-19,P0187,1,128
2022-02-20,P0171,1,128
2022-01-08,P0159,1,127
2022-01-14,P0085,1,127
2022-01-24,P0083,1,127
2022-01-24,P0133,1,127
2022-01-29,P0171,1,127
2022-01-30,P0133,1,127
2022-02-22,P0129,1,127
2022-02-24,P0067,1,127
2022-01-13,P0083,1,126
2022-01-23,P0149,1,126
2022-02-05,P0178,1,126
2022-02-22,P0149,1,126
2022-02-25,P0016,1,126
2022-02-26,P0066,1,126
2022-02-28,P0094,1,126
2022-01-16,P0067,1,125
2022-01-29,P0178,1,125
2022-02-04,P0085,1,125
2022-02-07,P0016,1,125
2022-02-08,P0085,0,125
2022-02-10,P0057,1,125
2022-02-24,P0016,1,125
2022-02-25,P0133,1,125
2022-03-01,P0083,1,125
2022-01-12,P0129,1,124
2022-01-27,P0046,1,124
2022-02-05,P0068,1,124
2022-03-01,P0066,1,124
2022-01-16,P0171,1,123
2022-01-16,P0069,1,123
2022-01-22,P0094,1,123
2022-01-24,P0079,0,123
2022-02-15,P0061,1,123
2022-02-15,P0069,1,123
2022-02-17,P0069,1,123
2022-01-12,P0061,1,122
2022-01-14,P0069,1,122
2022-01-15,P0125,1,122
2022-01-22,P0183,1,122
2022-01-28,P0046,1,122
2022-01-31,P0187,1,122
2022-02-09,P0096,1,122
2022-02-14,P0066,1,122
2022-02-18,P0178,1,122
2022-01-27,P0094,1,121
2022-02-15,P0116,1,121
2022-02-16,P0183,1,121
2022-02-22,P0057,1,121
2022-01-13,P0068,1,120
2022-01-17,P0178,1,120
2022-01-28,P0183,1,120
2022-02-25,P0166,1,120
2022-02-27,P0017,1,120
2022-03-01,P0067,1,120
2022-01-12,P0149,0,119
2022-01-22,P0125,1,119
2022-01-24,P0129,1,119
2022-01-26,P0171,1,119
2022-01-26,P0046,1,119
2022-01-27,P0133,1,119
2022-02-15,P0068,1,119
2022-03-01,P0126,1,119
2022-01-11,P0159,1,118
2022-01-20,P0068,1,118
2022-01-24,P0017,1,118
2022-01-28,P0171,1,118
2022-02-20,P0133,1,118
2022-02-27,P0153,1,118
2022-01-07,P0166,1,117
2022-01-11,P0129,1,117
2022-02-02,P0067,0,117
2022-02-04,P0178,1,117
2022-02-07,P0079,1,117
2022-02-18,P0096,1,117
2022-02-22,P0031,1,117
2022-02-26,P0096,1,117
2022-01-16,P0094,1,116
2022-01-21,P0096,1,116
2022-01-28,P0079,1,116
2022-02-12,P0070,1,116
2022-02-22,P0061,1,116
2022-02-23,P0175,1,116
2022-03-01,P0068,1,116
2022-01-11,P0066,1,115
2022-02-10,P0079,1,115
2022-02-18,P0175,1,115
2022-02-23,P0046,1,115
2022-02-28,P0171,1,115
2022-03-01,P0125,1,115
2022-01-30,P0046,1,114
2022-02-07,P0159,1,114
2022-02-15,P0031,1,114
2022-02-19,P0046,1,114
2022-03-01,P0079,1,114
2022-01-11,P0085,1,113
2022-01-17,P0116,1,113
2022-02-07,P0153,1,113
2022-02-20,P0178,1,113
2022-02-23,P0129,1,113
2022-01-04,P0068,1,112
2022-01-15,P0083,1,112
2022-01-26,P0116,1,112
2022-02-07,P0031,1,112
2022-02-14,P0017,1,112
2022-02-18,P0046,1,112
2022-02-19,P0166,1,112
2022-02-26,P0068,1,112
2022-01-08,P0096,1,111
2022-01-16,P0126,1,111
2022-01-30,P0083,1,111
2022-01-04,P0133,1,110
2022-01-19,P0061,1,110
2022-01-20,P0171,1,110
2022-01-26,P0187,1,110
2022-02-06,P0178,1,110
2022-02-14,P0096,1,110
2022-02-14,P0126,1,110
2022-02-17,P0061,1,110
2022-02-20,P0125,1,110
2022-01-13,P0171,1,109
2022-01-23,P0125,1,109
2022-02-01,P0133,1,109
2022-02-25,P0183,1,109
2022-01-06,P0017,1,108
2022-01-11,P0067,1,108
2022-01-17,P0159,1,108
2022-01-21,P0183,1,108
2022-01-25,P0083,1,108
2022-01-26,P0057,1,108
2022-01-28,P0031,1,108
2022-01-31,P0067,1,108
2022-02-07,P0094,1,108
2022-02-09,P0017,1,108
2022-02-16,P0016,1,108
2022-02-16,P0125,1,108
2022-02-17,P0166,1,108
2022-02-22,P0068,1,108
2022-03-02,P0061,1,108
2022-03-02,P0153,0,108
2022-01-17,P0096,1,107
2022-01-21,P0166,1,107
2022-02-14,P0153,1,107
2022-02-16,P0116,1,107
2022-02-22,P0070,1,107
2022-02-28,P0166,1,107
2022-03-02,P0125,1,107
2022-03-02,P0079,1,107
2022-01-01,P0068,1,106
2022-01-05,P0096,1,106
2022-01-12,P0094,1,106
2022-01-14,P0016,1,106
2022-01-19,P0085,1,106
2022-01-25,P0125,1,106
2022-01-27,P0183,1,106
2022-01-27,P0175,1,106
2022-02-12,P0096,1,106
2022-02-16,P0153,1,106
2022-02-19,P0085,1,106
2022-01-11,P0149,1,105
2022-01-26,P0126,1,105
2022-01-30,P0070,1,105
2022-02-01,P0149,1,105
2022-02-02,P0017,1,105
2022-02-03,P0153,1,105
2022-02-09,P0083,1,105
2022-02-24,P0129,1,105
2022-01-13,P0079,1,104
2022-01-31,P0066,1,104
2022-02-02,P0083,1,104
2022-02-07,P0085,1,104
2022-02-08,P0083,1,104
2022-02-08,P0183,1,104
2022-01-08,P0079,1,103
2022-01-15,P0129,1,103
2022-01-16,P0096,1,103
2022-01-19,P0175,1,103
2022-01-28,P0094,1,103
2022-02-04,P0017,1,103
2022-02-04,P0183,1,103
2022-02-16,P0129,1,103
2022-01-21,P0125,1,102
2022-01-29,P0094,1,102
2022-02-01,P0094,1,102
2022-02-17,P0083,1,102
2022-03-01,P0159,1,102
2022-01-12,P0183,1,101
2022-01-27,P0149,1,101
2022-02-06,P0166,1,101
2022-02-24,P0094,1,101
2022-03-03,P0016,0,101
2022-01-03,P0166,1,100
2022-01-22,P0178,1,100
2022-01-31,P0096,1,100
2022-02-03,P0171,1,100
2022-02-04,P0149,1,100
2022-02-12,P0171,1,100
2022-02-27,P0129,1,100
2022-02-28,P0057,1,100
2022-01-10,P0187,1,99
2022-01-26,P0178,1,99
2022-01-29,P0031,1,99
2022-02-01,P0166,1,99
2022-02-02,P0171,1,99
2022-02-08,P0061,1,99
2022-02-08,P0094,1,99
2022-02-10,P0153,1,99
2022-02-20,P0126,1,99
2022-02-21,P0069,1,99
2022-01-07,P0125,1,98
2022-01-13,P0067,1,98
2022-01-29,P0175,1,98
2022-01-29,P0083,1,98
2022-01-30,P0094,1,98
2022-02-02,P0187,1,98
2022-02-22,P0126,1,98
2022-02-25,P0096,1,98
2022-01-11,P0153,1,97
2022-01-16,P0061,1,97
2022-01-25,P0017,1,97
2022-01-27,P0159,1,97
2022-02-17,P0079,1,97
2022-02-27,P0133,1,97
2022-03-01,P0096,1,97
2022-01-07,P0068,1,96
2022-01-12,P0067,1,96
2022-01-25,P0183,1,96
2022-02-05,P0094,1,96
2022-02-09,P0175,1,96
2022-02-11,P0094,1,96
2022-02-15,P0083,1,96
2022-02-27,P0159,1,96
2022-01-17,P0153,1,95
2022-01-19,P0159,1,95
2022-01-23,P0126,1,95
2022-01-29,P0070,1,95
2022-02-03,P0159,1,95
2022-02-06,P0159,1,95
2022-02-06,P0187,1,95
2022-02-19,P0129,1,95
2022-02-20,P0070,1,95
2022-02-23,P0069,1,95
2022-01-19,P0149,1,94
2022-01-29,P0159,1,94
2022-02-08,P0171,1,94
2022-02-08,P0068,1,94
2022-02-14,P0067,1,94
2022-03-01,P0153,1,94
2022-03-01,P0094,1,94
2022-01-09,P0171,1,93
2022-01-11,P0068,1,93
2022-01-14,P0175,1,93
2022-01-21,P0149,1,93
2022-02-06,P0171,1,93
2022-02-13,P0031,1,93
2022-01-13,P0094,1,92
2022-02-17,P0067,1,92
2022-03-02,P0183,1,92
2022-01-17,P0031,1,91
2022-01-22,P0096,1,91
2022-01-29,P0066,1,91
2022-02-05,P0159,1,91
2022-02-05,P0096,1,91
2022-02-06,P0061,1,91
2022-02-26,P0159,1,91
2022-01-06,P0085,1,90
2022-02-16,P0085,1,90
2022-01-09,P0153,1,89
2022-02-12,P0175,1,89
2022-02-14,P0159,1,89
2022-02-15,P0159,1,89
2022-01-28,P0166,1,88
2022-02-02,P0079,1,88
2022-02-19,P0149,1,88
2022-01-17,P0083,1,87
2022-01-17,P0149,1,87
2022-01-19,P0068,1,87
2022-01-26,P0175,1,87
2022-02-01,P0070,1,87
2022-03-01,P0187,1,87
2022-01-05,P0175,1,86
2022-01-09,P0159,1,86
2022-01-15,P0175,1,86
2022-01-17,P0068,1,86
2022-01-28,P0066,1,86
2022-02-05,P0153,1,86
2022-02-08,P0178,1,86
2022-02-10,P0085,1,85
2022-02-13,P0126,1,85
2022-02-17,P0129,1,85
2022-02-17,P0031,1,85
2022-02-23,P0153,1,85
2022-02-27,P0067,1,85
2022-01-11,P0061,1,84
2022-01-26,P0067,1,84
2022-03-03,P0159,0,84
2022-01-10,P0171,1,83
2022-02-09,P0067,1,83
2022-02-12,P0085,1,83
2022-02-25,P0094,1,83
2022-01-07,P0149,1,82
2022-01-13,P0129,1,82
2022-01-22,P0031,1,82
2022-01-23,P0031,1,82
2022-02-01,P0079,1,82
2022-02-10,P0187,1,82
2022-02-19,P0159,1,82
2022-01-16,P0153,1,81
2022-01-19,P0116,1,81
2022-01-26,P0166,1,81
2022-01-31,P0116,1,81
2022-02-12,P0116,1,81
2022-02-27,P0031,1,81
2022-01-21,P0175,1,80
2022-01-24,P0153,1,80
2022-02-17,P0070,1,80
2022-02-26,P0129,1,80
2022-03-02,P0126,1,80
2022-03-03,P0067,0,80
2022-01-10,P0096,1,79
2022-01-27,P0085,0,79
2022-01-29,P0069,1,79
2022-02-04,P0068,1,79
2022-02-19,P0183,1,79
2022-03-02,P0031,1,79
2022-02-27,P0068,1,78
2022-01-09,P0031,1,77
2022-01-19,P0166,1,77
2022-01-23,P0017,1,77
2022-01-28,P0116,1,77
2022-02-12,P0031,1,77
2022-02-14,P0068,1,77
2022-02-28,P0067,1,77
2022-01-12,P0079,1,76
2022-01-15,P0183,1,76
2022-02-04,P0116,1,76
2022-02-04,P0061,1,76
2022-01-10,P0031,1,75
2022-01-24,P0166,1,75
2022-01-18,P0153,1,74
2022-01-30,P0096,1,74
2022-02-09,P0094,1,74
2022-02-27,P0096,1,74
2022-01-29,P0067,1,73
2022-02-13,P0171,1,73
2022-02-16,P0031,1,73
2022-02-21,P0067,1,73
2022-01-05,P0094,1,72
2022-01-30,P0031,1,72
2022-02-10,P0159,1,72
2022-02-18,P0070,1,72
2022-01-23,P0094,1,71
2022-01-27,P0079,1,71
2022-02-20,P0079,1,71
2022-02-27,P0094,1,71
2022-01-25,P0066,1,70
2022-01-25,P0116,1,70
2022-02-03,P0166,1,70
2022-02-06,P0083,1,70
2022-02-21,P0159,1,70
2022-01-12,P0085,1,69
2022-02-17,P0017,1,69
2022-02-21,P0031,1,69
2022-03-03,P0096,0,69
2022-02-02,P0096,1,68
2022-01-20,P0067,1,67
2022-01-30,P0159,1,67
2022-02-09,P0171,1,67
2022-02-24,P0171,1,67
2022-02-25,P0068,1,67
2022-03-01,P0085,1,67
2022-03-03,P0175,0,67
2022-01-26,P0085,1,66
2022-02-09,P0183,1,66
2022-02-21,P0068,1,66
2022-01-24,P0031,1,65
2022-02-01,P0171,1,65
2022-02-09,P0068,1,65
2022-01-10,P0083,1,64
2022-01-28,P0175,1,64
2022-01-31,P0061,1,64
2022-02-07,P0116,1,64
2022-02-01,P0129,1,63
2022-02-08,P0116,1,63
2022-02-17,P0085,1,63
2022-02-05,P0085,1,62
2022-02-15,P0166,1,62
2022-01-23,P0068,1,61
2022-02-01,P0178,1,61
2022-02-24,P0068,1,61
2022-01-06,P0153,1,60
2022-01-20,P0017,1,60
2022-01-25,P0094,1,60
2022-01-26,P0031,1,60
2022-02-05,P0031,1,60
2022-02-11,P0153,1,60
2022-01-10,P0061,1,59
2022-03-03,P0046,0,59
2022-01-04,P0149,1,58
2022-01-07,P0070,1,58
2022-01-31,P0175,1,58
2022-02-26,P0149,1,58
2022-02-19,P0070,1,57
2022-02-21,P0083,1,57
2022-02-26,P0046,1,57
2022-02-28,P0183,1,57
2022-01-13,P0183,1,56
2022-02-25,P0079,1,56
2022-03-01,P0046,1,56
2022-01-13,P0096,1,55
2022-03-02,P0066,1,55
2022-01-09,P0067,1,53
2022-01-16,P0070,1,53
2022-01-18,P0094,1,53
2022-02-03,P0085,1,53
2022-01-26,P0133,1,50
2022-03-02,P0171,1,50
2022-02-28,P0085,1,49
2022-01-12,P0096,1,48
2022-01-30,P0129,1,48
2022-02-24,P0083,1,48
2022-02-19,P0171,1,47
2022-01-11,P0031,1,46
2022-02-26,P0017,1,46
2022-03-02,P0085,1,46
2022-03-03,P0183,0,46
2022-01-18,P0067,1,44
2022-01-17,P0070,1,43
2022-02-16,P0149,1,43
2022-01-19,P0096,1,42
2022-02-16,P0068,1,42
2022-02-24,P0017,1,42
2022-02-04,P0016,1,41
2022-02-20,P0175,1,41
2022-02-24,P0096,1,41
2022-03-03,P0031,0,41
2022-01-23,P0070,1,40
2022-01-12,P0068,1,39
2022-02-01,P0068,1,38
2022-03-01,P0133,1,38
2022-02-08,P0166,1,37
2022-02-28,P0046,1,36
2022-03-03,P0129,0,35
2022-01-18,P0069,1,33
2022-01-24,P0085,1,31
2022-01-29,P0016,1,29
2022-02-25,P0171,1,26
2022-01-30,P0068,1,25
2022-02-10,P0016,1,20
2022-02-02,P0159,1,19
2022-02-03,P0133,1,14
2022-02-18,P0079,1,10
